<metadata xml:lang="en"><Esri><CreaDate>20220422</CreaDate><CreaTime>12115700</CreaTime><ArcGISFormat>1.0</ArcGISFormat><SyncOnce>FALSE</SyncOnce><DataProperties><itemProps><itemName Sync="TRUE">Interstate10Bound</itemName><imsContentType Sync="TRUE">002</imsContentType><itemLocation><linkage Sync="TRUE">file://\\KCHANG-DESKTOP\C$\Users\kchan\Desktop\Spring2022\MUSAPracticum\newData\Interstate10Bound.shp</linkage><protocol Sync="TRUE">Local Area Network</protocol></itemLocation><itemSize Sync="TRUE">0.000</itemSize></itemProps><coordRef><type Sync="TRUE">Projected</type><geogcsn Sync="TRUE">GCS_North_American_1983_HARN</geogcsn><csUnits Sync="TRUE">Linear Unit: Meter (1.000000)</csUnits><projcsn Sync="TRUE">NAD_1983_HARN_StatePlane_Texas_Central_FIPS_4203</projcsn><peXml Sync="TRUE">&lt;ProjectedCoordinateSystem xsi:type='typens:ProjectedCoordinateSystem' xmlns:xsi='http://www.w3.org/2001/XMLSchema-instance' xmlns:xs='http://www.w3.org/2001/XMLSchema' xmlns:typens='http://www.esri.com/schemas/ArcGIS/2.9.0'&gt;&lt;WKT&gt;PROJCS[&amp;quot;NAD_1983_HARN_StatePlane_Texas_Central_FIPS_4203&amp;quot;,GEOGCS[&amp;quot;GCS_North_American_1983_HARN&amp;quot;,DATUM[&amp;quot;D_North_American_1983_HARN&amp;quot;,SPHEROID[&amp;quot;GRS_1980&amp;quot;,6378137.0,298.257222101]],PRIMEM[&amp;quot;Greenwich&amp;quot;,0.0],UNIT[&amp;quot;Degree&amp;quot;,0.0174532925199433]],PROJECTION[&amp;quot;Lambert_Conformal_Conic&amp;quot;],PARAMETER[&amp;quot;False_Easting&amp;quot;,700000.0],PARAMETER[&amp;quot;False_Northing&amp;quot;,3000000.0],PARAMETER[&amp;quot;Central_Meridian&amp;quot;,-100.3333333333333],PARAMETER[&amp;quot;Standard_Parallel_1&amp;quot;,30.11666666666667],PARAMETER[&amp;quot;Standard_Parallel_2&amp;quot;,31.88333333333333],PARAMETER[&amp;quot;Latitude_Of_Origin&amp;quot;,29.66666666666667],UNIT[&amp;quot;Meter&amp;quot;,1.0],AUTHORITY[&amp;quot;EPSG&amp;quot;,2846]]&lt;/WKT&gt;&lt;XOrigin&gt;-38040800&lt;/XOrigin&gt;&lt;YOrigin&gt;-24970300&lt;/YOrigin&gt;&lt;XYScale&gt;116249525.75503074&lt;/XYScale&gt;&lt;ZOrigin&gt;-100000&lt;/ZOrigin&gt;&lt;ZScale&gt;10000&lt;/ZScale&gt;&lt;MOrigin&gt;-100000&lt;/MOrigin&gt;&lt;MScale&gt;10000&lt;/MScale&gt;&lt;XYTolerance&gt;0.001&lt;/XYTolerance&gt;&lt;ZTolerance&gt;0.001&lt;/ZTolerance&gt;&lt;MTolerance&gt;0.001&lt;/MTolerance&gt;&lt;HighPrecision&gt;true&lt;/HighPrecision&gt;&lt;WKID&gt;102339&lt;/WKID&gt;&lt;LatestWKID&gt;2846&lt;/LatestWKID&gt;&lt;/ProjectedCoordinateSystem&gt;</peXml></coordRef><lineage><Process ToolSource="c:\program files\arcgis\pro\Resources\ArcToolbox\toolboxes\Conversion Tools.tbx\FeatureClassToFeatureClass" Date="20220422" Time="121157">FeatureClassToFeatureClass ElPaso_CityBound C:\Users\kchan\Desktop\Spring2022\MUSAPracticum\EP_ExploratoryAnalysis\EP_ExploratoryAnalysis.gdb Interstate10Bound # "OBJECTI "OBJECTI" true true false 9 Long 0 9,First,#,ElPaso_CityBound,OBJECTI,-1,-1;GID "GID" true true false 9 Long 0 9,First,#,ElPaso_CityBound,GID,-1,-1;CITY_NM "CITY_NM" true true false 80 Text 0 0,First,#,ElPaso_CityBound,CITY_NM,0,80;TXDOT_C "TXDOT_C" true true false 9 Long 0 9,First,#,ElPaso_CityBound,TXDOT_C,-1,-1;CITY_FI "CITY_FI" true true false 80 Text 0 0,First,#,ElPaso_CityBound,CITY_FI,0,80;CNTY_SE "CNTY_SE" true true false 80 Text 0 0,First,#,ElPaso_CityBound,CNTY_SE,0,80;COLOR_C "COLOR_C" true true false 9 Long 0 9,First,#,ElPaso_CityBound,COLOR_C,-1,-1;POP1990 "POP1990" true true false 9 Long 0 9,First,#,ElPaso_CityBound,POP1990,-1,-1;POP2000 "POP2000" true true false 9 Long 0 9,First,#,ElPaso_CityBound,POP2000,-1,-1;POP2010 "POP2010" true true false 9 Long 0 9,First,#,ElPaso_CityBound,POP2010,-1,-1;POP2020 "POP2020" true true false 9 Long 0 9,First,#,ElPaso_CityBound,POP2020,-1,-1;POP_CD "POP_CD" true true false 80 Text 0 0,First,#,ElPaso_CityBound,POP_CD,0,80;SHAPE_L "SHAPE_L" true true false 24 Double 15 23,First,#,ElPaso_CityBound,SHAPE_L,-1,-1;SHAPE_A "SHAPE_A" true true false 24 Double 15 23,First,#,ElPaso_CityBound,SHAPE_A,-1,-1" #</Process><Process ToolSource="c:\program files\arcgis\pro\Resources\ArcToolbox\toolboxes\Conversion Tools.tbx\FeatureClassToFeatureClass" Date="20220422" Time="121309">FeatureClassToFeatureClass Interstate10Bound C:\Users\kchan\Desktop\Spring2022\MUSAPracticum\newData Interstate10Bound.shp # "OBJECTI "OBJECTI" true true false 4 Long 0 0,First,#,Interstate10Bound,OBJECTI,-1,-1;GID "GID" true true false 4 Long 0 0,First,#,Interstate10Bound,GID,-1,-1;CITY_NM "CITY_NM" true true false 80 Text 0 0,First,#,Interstate10Bound,CITY_NM,0,80;TXDOT_C "TXDOT_C" true true false 4 Long 0 0,First,#,Interstate10Bound,TXDOT_C,-1,-1;CITY_FI "CITY_FI" true true false 80 Text 0 0,First,#,Interstate10Bound,CITY_FI,0,80;CNTY_SE "CNTY_SE" true true false 80 Text 0 0,First,#,Interstate10Bound,CNTY_SE,0,80;COLOR_C "COLOR_C" true true false 4 Long 0 0,First,#,Interstate10Bound,COLOR_C,-1,-1;POP1990 "POP1990" true true false 4 Long 0 0,First,#,Interstate10Bound,POP1990,-1,-1;POP2000 "POP2000" true true false 4 Long 0 0,First,#,Interstate10Bound,POP2000,-1,-1;POP2010 "POP2010" true true false 4 Long 0 0,First,#,Interstate10Bound,POP2010,-1,-1;POP2020 "POP2020" true true false 4 Long 0 0,First,#,Interstate10Bound,POP2020,-1,-1;POP_CD "POP_CD" true true false 80 Text 0 0,First,#,Interstate10Bound,POP_CD,0,80;SHAPE_L "SHAPE_L" true true false 8 Double 0 0,First,#,Interstate10Bound,SHAPE_L,-1,-1;SHAPE_A "SHAPE_A" true true false 8 Double 0 0,First,#,Interstate10Bound,SHAPE_A,-1,-1;Shape_Length "Shape_Length" false true true 8 Double 0 0,First,#,Interstate10Bound,Shape_Length,-1,-1;Shape_Area "Shape_Area" false true true 8 Double 0 0,First,#,Interstate10Bound,Shape_Area,-1,-1" #</Process></lineage></DataProperties><SyncDate>20220422</SyncDate><SyncTime>12130900</SyncTime><ModDate>20220422</ModDate><ModTime>12130900</ModTime></Esri><dataIdInfo><envirDesc Sync="TRUE">Microsoft Windows 10 Version 10.0 (Build 19044) ; Esri ArcGIS 12.9.0.32739</envirDesc><dataLang><languageCode value="eng" Sync="TRUE"></languageCode><countryCode value="USA" Sync="TRUE"></countryCode></dataLang><idCitation><resTitle Sync="TRUE">Interstate10Bound</resTitle><presForm><PresFormCd value="005" Sync="TRUE"></PresFormCd></presForm></idCitation><spatRpType><SpatRepTypCd value="001" Sync="TRUE"></SpatRepTypCd></spatRpType></dataIdInfo><mdLang><languageCode value="eng" Sync="TRUE"></languageCode><countryCode value="USA" Sync="TRUE"></countryCode></mdLang><distInfo><distFormat><formatName Sync="TRUE">Shapefile</formatName></distFormat><distTranOps><transSize Sync="TRUE">0.000</transSize></distTranOps></distInfo><mdHrLv><ScopeCd value="005" Sync="TRUE"></ScopeCd></mdHrLv><mdHrLvName Sync="TRUE">dataset</mdHrLvName><refSysInfo><RefSystem><refSysID><identCode code="2846" Sync="TRUE"></identCode><idCodeSpace Sync="TRUE">EPSG</idCodeSpace><idVersion Sync="TRUE">6.3(9.0.0)</idVersion></refSysID></RefSystem></refSysInfo><spatRepInfo><VectSpatRep><geometObjs Name="Interstate10Bound"><geoObjTyp><GeoObjTypCd value="002" Sync="TRUE"></GeoObjTypCd></geoObjTyp><geoObjCnt Sync="TRUE">0</geoObjCnt></geometObjs><topLvl><TopoLevCd value="001" Sync="TRUE"></TopoLevCd></topLvl></VectSpatRep></spatRepInfo><spdoinfo><ptvctinf><esriterm Name="Interstate10Bound"><efeatyp Sync="TRUE">Simple</efeatyp><efeageom code="4" Sync="TRUE"></efeageom><esritopo Sync="TRUE">FALSE</esritopo><efeacnt Sync="TRUE">0</efeacnt><spindex Sync="TRUE">FALSE</spindex><linrefer Sync="TRUE">FALSE</linrefer></esriterm></ptvctinf></spdoinfo><eainfo><detailed Name="Interstate10Bound"><enttyp><enttypl Sync="TRUE">Interstate10Bound</enttypl><enttypt Sync="TRUE">Feature Class</enttypt><enttypc Sync="TRUE">0</enttypc></enttyp><attr><attrlabl Sync="TRUE">FID</attrlabl><attalias Sync="TRUE">FID</attalias><attrtype Sync="TRUE">OID</attrtype><attwidth Sync="TRUE">4</attwidth><atprecis Sync="TRUE">0</atprecis><attscale Sync="TRUE">0</attscale><attrdef Sync="TRUE">Internal feature number.</attrdef><attrdefs Sync="TRUE">Esri</attrdefs><attrdomv><udom Sync="TRUE">Sequential unique whole numbers that are automatically generated.</udom></attrdomv></attr><attr><attrlabl Sync="TRUE">Shape</attrlabl><attalias Sync="TRUE">Shape</attalias><attrtype Sync="TRUE">Geometry</attrtype><attwidth Sync="TRUE">0</attwidth><atprecis Sync="TRUE">0</atprecis><attscale Sync="TRUE">0</attscale><attrdef Sync="TRUE">Feature geometry.</attrdef><attrdefs Sync="TRUE">Esri</attrdefs><attrdomv><udom Sync="TRUE">Coordinates defining the features.</udom></attrdomv></attr><attr><attrlabl Sync="TRUE">OBJECTI</attrlabl><attalias Sync="TRUE">OBJECTI</attalias><attrtype Sync="TRUE">Integer</attrtype><attwidth Sync="TRUE">10</attwidth><atprecis Sync="TRUE">10</atprecis><attscale Sync="TRUE">0</attscale></attr><attr><attrlabl Sync="TRUE">GID</attrlabl><attalias Sync="TRUE">GID</attalias><attrtype Sync="TRUE">Integer</attrtype><attwidth Sync="TRUE">10</attwidth><atprecis Sync="TRUE">10</atprecis><attscale Sync="TRUE">0</attscale></attr><attr><attrlabl Sync="TRUE">CITY_NM</attrlabl><attalias Sync="TRUE">CITY_NM</attalias><attrtype Sync="TRUE">String</attrtype><attwidth Sync="TRUE">80</attwidth><atprecis Sync="TRUE">0</atprecis><attscale Sync="TRUE">0</attscale></attr><attr><attrlabl Sync="TRUE">TXDOT_C</attrlabl><attalias Sync="TRUE">TXDOT_C</attalias><attrtype Sync="TRUE">Integer</attrtype><attwidth Sync="TRUE">10</attwidth><atprecis Sync="TRUE">10</atprecis><attscale Sync="TRUE">0</attscale></attr><attr><attrlabl Sync="TRUE">CITY_FI</attrlabl><attalias Sync="TRUE">CITY_FI</attalias><attrtype Sync="TRUE">String</attrtype><attwidth Sync="TRUE">80</attwidth><atprecis Sync="TRUE">0</atprecis><attscale Sync="TRUE">0</attscale></attr><attr><attrlabl Sync="TRUE">CNTY_SE</attrlabl><attalias Sync="TRUE">CNTY_SE</attalias><attrtype Sync="TRUE">String</attrtype><attwidth Sync="TRUE">80</attwidth><atprecis Sync="TRUE">0</atprecis><attscale Sync="TRUE">0</attscale></attr><attr><attrlabl Sync="TRUE">COLOR_C</attrlabl><attalias Sync="TRUE">COLOR_C</attalias><attrtype Sync="TRUE">Integer</attrtype><attwidth Sync="TRUE">10</attwidth><atprecis Sync="TRUE">10</atprecis><attscale Sync="TRUE">0</attscale></attr><attr><attrlabl Sync="TRUE">POP1990</attrlabl><attalias Sync="TRUE">POP1990</attalias><attrtype Sync="TRUE">Integer</attrtype><attwidth Sync="TRUE">10</attwidth><atprecis Sync="TRUE">10</atprecis><attscale Sync="TRUE">0</attscale></attr><attr><attrlabl Sync="TRUE">POP2000</attrlabl><attalias Sync="TRUE">POP2000</attalias><attrtype Sync="TRUE">Integer</attrtype><attwidth Sync="TRUE">10</attwidth><atprecis Sync="TRUE">10</atprecis><attscale Sync="TRUE">0</attscale></attr><attr><attrlabl Sync="TRUE">POP2010</attrlabl><attalias Sync="TRUE">POP2010</attalias><attrtype Sync="TRUE">Integer</attrtype><attwidth Sync="TRUE">10</attwidth><atprecis Sync="TRUE">10</atprecis><attscale Sync="TRUE">0</attscale></attr><attr><attrlabl Sync="TRUE">POP2020</attrlabl><attalias Sync="TRUE">POP2020</attalias><attrtype Sync="TRUE">Integer</attrtype><attwidth Sync="TRUE">10</attwidth><atprecis Sync="TRUE">10</atprecis><attscale Sync="TRUE">0</attscale></attr><attr><attrlabl Sync="TRUE">POP_CD</attrlabl><attalias Sync="TRUE">POP_CD</attalias><attrtype Sync="TRUE">String</attrtype><attwidth Sync="TRUE">80</attwidth><atprecis Sync="TRUE">0</atprecis><attscale Sync="TRUE">0</attscale></attr><attr><attrlabl Sync="TRUE">SHAPE_L</attrlabl><attalias Sync="TRUE">SHAPE_L</attalias><attrtype Sync="TRUE">Double</attrtype><attwidth Sync="TRUE">19</attwidth><atprecis Sync="TRUE">0</atprecis><attscale Sync="TRUE">0</attscale></attr><attr><attrlabl Sync="TRUE">SHAPE_A</attrlabl><attalias Sync="TRUE">SHAPE_A</attalias><attrtype Sync="TRUE">Double</attrtype><attwidth Sync="TRUE">19</attwidth><atprecis Sync="TRUE">0</atprecis><attscale Sync="TRUE">0</attscale></attr><attr><attrlabl Sync="TRUE">Shape_Leng</attrlabl><attalias Sync="TRUE">Shape_Leng</attalias><attrtype Sync="TRUE">Double</attrtype><attwidth Sync="TRUE">19</attwidth><atprecis Sync="TRUE">0</atprecis><attscale Sync="TRUE">0</attscale></attr><attr><attrlabl Sync="TRUE">Shape_Area</attrlabl><attalias Sync="TRUE">Shape_Area</attalias><attrtype Sync="TRUE">Double</attrtype><attwidth Sync="TRUE">19</attwidth><atprecis Sync="TRUE">0</atprecis><attscale Sync="TRUE">0</attscale><attrdef Sync="TRUE">Area of feature in internal units squared.</attrdef><attrdefs Sync="TRUE">Esri</attrdefs><attrdomv><udom Sync="TRUE">Positive real numbers that are automatically generated.</udom></attrdomv></attr></detailed></eainfo><mdDateSt Sync="TRUE">20220422</mdDateSt></metadata>
