<metadata xml:lang="en"><Esri><CreaDate>20220408</CreaDate><CreaTime>09464000</CreaTime><ArcGISFormat>1.0</ArcGISFormat><SyncOnce>FALSE</SyncOnce><DataProperties><itemProps><itemName Sync="TRUE">ElPaso_Func_Class</itemName><imsContentType Sync="TRUE">002</imsContentType><itemLocation><linkage Sync="TRUE">file://\\KCHANG-DESKTOP\C$\Users\kchan\Desktop\Spring2022\MUSAPracticum\newData\ElPaso_Func_Class.shp</linkage><protocol Sync="TRUE">Local Area Network</protocol></itemLocation><itemSize Sync="TRUE">0.000</itemSize></itemProps><coordRef><type Sync="TRUE">Geographic</type><geogcsn Sync="TRUE">GCS_WGS_1984</geogcsn><csUnits Sync="TRUE">Angular Unit: Degree (0.017453)</csUnits><peXml Sync="TRUE">&lt;GeographicCoordinateSystem xsi:type='typens:GeographicCoordinateSystem' xmlns:xsi='http://www.w3.org/2001/XMLSchema-instance' xmlns:xs='http://www.w3.org/2001/XMLSchema' xmlns:typens='http://www.esri.com/schemas/ArcGIS/2.9.0'&gt;&lt;WKT&gt;GEOGCS[&amp;quot;GCS_WGS_1984&amp;quot;,DATUM[&amp;quot;D_WGS_1984&amp;quot;,SPHEROID[&amp;quot;WGS_1984&amp;quot;,6378137.0,298.257223563]],PRIMEM[&amp;quot;Greenwich&amp;quot;,0.0],UNIT[&amp;quot;Degree&amp;quot;,0.0174532925199433],AUTHORITY[&amp;quot;EPSG&amp;quot;,4326]]&lt;/WKT&gt;&lt;XOrigin&gt;-400&lt;/XOrigin&gt;&lt;YOrigin&gt;-400&lt;/YOrigin&gt;&lt;XYScale&gt;11258999068426.238&lt;/XYScale&gt;&lt;ZOrigin&gt;-100000&lt;/ZOrigin&gt;&lt;ZScale&gt;10000&lt;/ZScale&gt;&lt;MOrigin&gt;-100000&lt;/MOrigin&gt;&lt;MScale&gt;10000&lt;/MScale&gt;&lt;XYTolerance&gt;8.983152841195215e-09&lt;/XYTolerance&gt;&lt;ZTolerance&gt;0.001&lt;/ZTolerance&gt;&lt;MTolerance&gt;0.001&lt;/MTolerance&gt;&lt;HighPrecision&gt;true&lt;/HighPrecision&gt;&lt;LeftLongitude&gt;-180&lt;/LeftLongitude&gt;&lt;WKID&gt;4326&lt;/WKID&gt;&lt;LatestWKID&gt;4326&lt;/LatestWKID&gt;&lt;/GeographicCoordinateSystem&gt;</peXml></coordRef><lineage><Process ToolSource="c:\program files\arcgis\pro\Resources\ArcToolbox\toolboxes\Analysis Tools.tbx\Clip" Date="20220408" Time="094640">Clip TxDOT_Functional_Classification ElPaso_CityBound C:\Users\kchan\Desktop\Spring2022\MUSAPracticum\EP_ExploratoryAnalysis\EP_ExploratoryAnalysis.gdb\ElPaso_Func_Class #</Process><Process ToolSource="c:\program files\arcgis\pro\Resources\ArcToolbox\toolboxes\Conversion Tools.tbx\FeatureClassToFeatureClass" Date="20220408" Time="094956">FeatureClassToFeatureClass ElPaso_Func_Class C:\Users\kchan\Desktop\Spring2022\MUSAPracticum\newData ElPaso_Func_Class.shp # "OBJECTID_1 "OBJECTID_1" true true false 4 Long 0 0,First,#,ElPaso_Func_Class,OBJECTID_1,-1,-1;RTE_NM "RTE_NM" true true false 10 Text 0 0,First,#,ElPaso_Func_Class,RTE_NM,0,10;RTE_PRFX "RTE_PRFX" true true false 2 Text 0 0,First,#,ElPaso_Func_Class,RTE_PRFX,0,2;RTE_NBR "RTE_NBR" true true false 10 Text 0 0,First,#,ElPaso_Func_Class,RTE_NBR,0,10;RTE_SFX "RTE_SFX" true true false 1 Text 0 0,First,#,ElPaso_Func_Class,RTE_SFX,0,1;RDBD_TYPE "RDBD_TYPE" true true false 2 Text 0 0,First,#,ElPaso_Func_Class,RDBD_TYPE,0,2;BEGIN_DFO "BEGIN_DFO" true true false 8 Double 0 0,First,#,ElPaso_Func_Class,BEGIN_DFO,-1,-1;END_DFO "END_DFO" true true false 8 Double 0 0,First,#,ElPaso_Func_Class,END_DFO,-1,-1;ASSET_NM "ASSET_NM" true true false 17 Text 0 0,First,#,ElPaso_Func_Class,ASSET_NM,0,17;F_SYSTEM "F_SYSTEM" true true false 2 Short 0 0,First,#,ElPaso_Func_Class,F_SYSTEM,-1,-1;FC_DESC "FC_DESC" true true false 53 Text 0 0,First,#,ElPaso_Func_Class,FC_DESC,0,53;ASSET_ID "ASSET_ID" true true false 4 Long 0 0,First,#,ElPaso_Func_Class,ASSET_ID,-1,-1;SYSTEM "SYSTEM" true true false 3 Text 0 0,First,#,ElPaso_Func_Class,SYSTEM,0,3;PRPS_RTE "PRPS_RTE" true true false 3 Text 0 0,First,#,ElPaso_Func_Class,PRPS_RTE,0,3;RDWAY_STAT "RDWAY_STAT" true true false 32 Text 0 0,First,#,ElPaso_Func_Class,RDWAY_STAT,0,32;GID "GID" true true false 4 Long 0 0,First,#,ElPaso_Func_Class,GID,-1,-1;EXT_DATE "EXT_DATE" true true false 10 Text 0 0,First,#,ElPaso_Func_Class,EXT_DATE,0,10;OBJECTID "OBJECTID" true true false 4 Long 0 0,First,#,ElPaso_Func_Class,OBJECTID,-1,-1;SHAPE_Leng "SHAPE_Leng" true true false 8 Double 0 0,First,#,ElPaso_Func_Class,SHAPE_Leng,-1,-1;Shape_Length "Shape_Length" false true true 8 Double 0 0,First,#,ElPaso_Func_Class,Shape_Length,-1,-1" #</Process></lineage></DataProperties><SyncDate>20220408</SyncDate><SyncTime>09495600</SyncTime><ModDate>20220408</ModDate><ModTime>09495600</ModTime></Esri><dataIdInfo><envirDesc Sync="TRUE">Microsoft Windows 10 Version 10.0 (Build 19044) ; Esri ArcGIS 12.9.0.32739</envirDesc><dataLang><languageCode value="eng" Sync="TRUE"></languageCode><countryCode value="USA" Sync="TRUE"></countryCode></dataLang><idCitation><resTitle Sync="TRUE">ElPaso_Func_Class</resTitle><presForm><PresFormCd value="005" Sync="TRUE"></PresFormCd></presForm></idCitation><spatRpType><SpatRepTypCd value="001" Sync="TRUE"></SpatRepTypCd></spatRpType></dataIdInfo><mdLang><languageCode value="eng" Sync="TRUE"></languageCode><countryCode value="USA" Sync="TRUE"></countryCode></mdLang><distInfo><distFormat><formatName Sync="TRUE">Shapefile</formatName></distFormat><distTranOps><transSize Sync="TRUE">0.000</transSize></distTranOps></distInfo><mdHrLv><ScopeCd value="005" Sync="TRUE"></ScopeCd></mdHrLv><mdHrLvName Sync="TRUE">dataset</mdHrLvName><refSysInfo><RefSystem><refSysID><identCode code="4326" Sync="TRUE"></identCode><idCodeSpace Sync="TRUE">EPSG</idCodeSpace><idVersion Sync="TRUE">6.2(3.0.1)</idVersion></refSysID></RefSystem></refSysInfo><spatRepInfo><VectSpatRep><geometObjs Name="ElPaso_Func_Class"><geoObjTyp><GeoObjTypCd value="002" Sync="TRUE"></GeoObjTypCd></geoObjTyp><geoObjCnt Sync="TRUE">0</geoObjCnt></geometObjs><topLvl><TopoLevCd value="001" Sync="TRUE"></TopoLevCd></topLvl></VectSpatRep></spatRepInfo><spdoinfo><ptvctinf><esriterm Name="ElPaso_Func_Class"><efeatyp Sync="TRUE">Simple</efeatyp><efeageom code="3" Sync="TRUE"></efeageom><esritopo Sync="TRUE">FALSE</esritopo><efeacnt Sync="TRUE">0</efeacnt><spindex Sync="TRUE">FALSE</spindex><linrefer Sync="TRUE">FALSE</linrefer></esriterm></ptvctinf></spdoinfo><eainfo><detailed Name="ElPaso_Func_Class"><enttyp><enttypl Sync="TRUE">ElPaso_Func_Class</enttypl><enttypt Sync="TRUE">Feature Class</enttypt><enttypc Sync="TRUE">0</enttypc></enttyp><attr><attrlabl Sync="TRUE">FID</attrlabl><attalias Sync="TRUE">FID</attalias><attrtype Sync="TRUE">OID</attrtype><attwidth Sync="TRUE">4</attwidth><atprecis Sync="TRUE">0</atprecis><attscale Sync="TRUE">0</attscale><attrdef Sync="TRUE">Internal feature number.</attrdef><attrdefs Sync="TRUE">Esri</attrdefs><attrdomv><udom Sync="TRUE">Sequential unique whole numbers that are automatically generated.</udom></attrdomv></attr><attr><attrlabl Sync="TRUE">Shape</attrlabl><attalias Sync="TRUE">Shape</attalias><attrtype Sync="TRUE">Geometry</attrtype><attwidth Sync="TRUE">0</attwidth><atprecis Sync="TRUE">0</atprecis><attscale Sync="TRUE">0</attscale><attrdef Sync="TRUE">Feature geometry.</attrdef><attrdefs Sync="TRUE">Esri</attrdefs><attrdomv><udom Sync="TRUE">Coordinates defining the features.</udom></attrdomv></attr><attr><attrlabl Sync="TRUE">OBJECTID_1</attrlabl><attalias Sync="TRUE">OBJECTID_1</attalias><attrtype Sync="TRUE">Integer</attrtype><attwidth Sync="TRUE">10</attwidth><atprecis Sync="TRUE">10</atprecis><attscale Sync="TRUE">0</attscale></attr><attr><attrlabl Sync="TRUE">RTE_NM</attrlabl><attalias Sync="TRUE">RTE_NM</attalias><attrtype Sync="TRUE">String</attrtype><attwidth Sync="TRUE">10</attwidth><atprecis Sync="TRUE">0</atprecis><attscale Sync="TRUE">0</attscale></attr><attr><attrlabl Sync="TRUE">RTE_PRFX</attrlabl><attalias Sync="TRUE">RTE_PRFX</attalias><attrtype Sync="TRUE">String</attrtype><attwidth Sync="TRUE">2</attwidth><atprecis Sync="TRUE">0</atprecis><attscale Sync="TRUE">0</attscale></attr><attr><attrlabl Sync="TRUE">RTE_NBR</attrlabl><attalias Sync="TRUE">RTE_NBR</attalias><attrtype Sync="TRUE">String</attrtype><attwidth Sync="TRUE">10</attwidth><atprecis Sync="TRUE">0</atprecis><attscale Sync="TRUE">0</attscale></attr><attr><attrlabl Sync="TRUE">RTE_SFX</attrlabl><attalias Sync="TRUE">RTE_SFX</attalias><attrtype Sync="TRUE">String</attrtype><attwidth Sync="TRUE">1</attwidth><atprecis Sync="TRUE">0</atprecis><attscale Sync="TRUE">0</attscale></attr><attr><attrlabl Sync="TRUE">RDBD_TYPE</attrlabl><attalias Sync="TRUE">RDBD_TYPE</attalias><attrtype Sync="TRUE">String</attrtype><attwidth Sync="TRUE">2</attwidth><atprecis Sync="TRUE">0</atprecis><attscale Sync="TRUE">0</attscale></attr><attr><attrlabl Sync="TRUE">BEGIN_DFO</attrlabl><attalias Sync="TRUE">BEGIN_DFO</attalias><attrtype Sync="TRUE">Double</attrtype><attwidth Sync="TRUE">19</attwidth><atprecis Sync="TRUE">0</atprecis><attscale Sync="TRUE">0</attscale></attr><attr><attrlabl Sync="TRUE">END_DFO</attrlabl><attalias Sync="TRUE">END_DFO</attalias><attrtype Sync="TRUE">Double</attrtype><attwidth Sync="TRUE">19</attwidth><atprecis Sync="TRUE">0</atprecis><attscale Sync="TRUE">0</attscale></attr><attr><attrlabl Sync="TRUE">ASSET_NM</attrlabl><attalias Sync="TRUE">ASSET_NM</attalias><attrtype Sync="TRUE">String</attrtype><attwidth Sync="TRUE">17</attwidth><atprecis Sync="TRUE">0</atprecis><attscale Sync="TRUE">0</attscale></attr><attr><attrlabl Sync="TRUE">F_SYSTEM</attrlabl><attalias Sync="TRUE">F_SYSTEM</attalias><attrtype Sync="TRUE">Integer</attrtype><attwidth Sync="TRUE">5</attwidth><atprecis Sync="TRUE">5</atprecis><attscale Sync="TRUE">0</attscale></attr><attr><attrlabl Sync="TRUE">FC_DESC</attrlabl><attalias Sync="TRUE">FC_DESC</attalias><attrtype Sync="TRUE">String</attrtype><attwidth Sync="TRUE">53</attwidth><atprecis Sync="TRUE">0</atprecis><attscale Sync="TRUE">0</attscale></attr><attr><attrlabl Sync="TRUE">ASSET_ID</attrlabl><attalias Sync="TRUE">ASSET_ID</attalias><attrtype Sync="TRUE">Integer</attrtype><attwidth Sync="TRUE">10</attwidth><atprecis Sync="TRUE">10</atprecis><attscale Sync="TRUE">0</attscale></attr><attr><attrlabl Sync="TRUE">SYSTEM</attrlabl><attalias Sync="TRUE">SYSTEM</attalias><attrtype Sync="TRUE">String</attrtype><attwidth Sync="TRUE">3</attwidth><atprecis Sync="TRUE">0</atprecis><attscale Sync="TRUE">0</attscale></attr><attr><attrlabl Sync="TRUE">PRPS_RTE</attrlabl><attalias Sync="TRUE">PRPS_RTE</attalias><attrtype Sync="TRUE">String</attrtype><attwidth Sync="TRUE">3</attwidth><atprecis Sync="TRUE">0</atprecis><attscale Sync="TRUE">0</attscale></attr><attr><attrlabl Sync="TRUE">RDWAY_STAT</attrlabl><attalias Sync="TRUE">RDWAY_STAT</attalias><attrtype Sync="TRUE">String</attrtype><attwidth Sync="TRUE">32</attwidth><atprecis Sync="TRUE">0</atprecis><attscale Sync="TRUE">0</attscale></attr><attr><attrlabl Sync="TRUE">GID</attrlabl><attalias Sync="TRUE">GID</attalias><attrtype Sync="TRUE">Integer</attrtype><attwidth Sync="TRUE">10</attwidth><atprecis Sync="TRUE">10</atprecis><attscale Sync="TRUE">0</attscale></attr><attr><attrlabl Sync="TRUE">EXT_DATE</attrlabl><attalias Sync="TRUE">EXT_DATE</attalias><attrtype Sync="TRUE">String</attrtype><attwidth Sync="TRUE">10</attwidth><atprecis Sync="TRUE">0</atprecis><attscale Sync="TRUE">0</attscale></attr><attr><attrlabl Sync="TRUE">OBJECTID</attrlabl><attalias Sync="TRUE">OBJECTID</attalias><attrtype Sync="TRUE">Integer</attrtype><attwidth Sync="TRUE">10</attwidth><atprecis Sync="TRUE">10</atprecis><attscale Sync="TRUE">0</attscale></attr><attr><attrlabl Sync="TRUE">SHAPE_Leng</attrlabl><attalias Sync="TRUE">SHAPE_Leng</attalias><attrtype Sync="TRUE">Double</attrtype><attwidth Sync="TRUE">19</attwidth><atprecis Sync="TRUE">0</atprecis><attscale Sync="TRUE">0</attscale></attr><attr><attrlabl Sync="TRUE">Shape_Le_1</attrlabl><attalias Sync="TRUE">Shape_Le_1</attalias><attrtype Sync="TRUE">Double</attrtype><attwidth Sync="TRUE">19</attwidth><atprecis Sync="TRUE">0</atprecis><attscale Sync="TRUE">0</attscale></attr></detailed></eainfo><mdDateSt Sync="TRUE">20220408</mdDateSt></metadata>
