element_type,osmid,amenity,gnis:county_name,name,lon,lat
node,368160326,arts_centre,El Paso,Tigua Indian Reservation Cultural Center,-106.3272046,31.6912225
node,470062845,restaurant,,Casita Linda Mexican Restaurant,-106.4157283,31.8702598
node,763647389,fast_food,,Burger King,-106.4222321,31.904243
node,763647390,fast_food,,Little Caesars,-106.421948,31.9038425
node,763647391,restaurant,,Wingers Chicken Wings,-106.4220254,31.9039517
node,764457006,fast_food,,Papa John's,-106.4219573,31.9034465
node,1003253788,fast_food,,Hamburger Stand,-106.5002535,31.7740622
node,1010148082,cafe,,Starbucks,-106.440389,31.8997393
node,1013658195,cafe,,Starbucks,-106.4130119,31.7851998
node,1243936567,restaurant,,Souper Salad,-106.5516411,31.8350031
node,1337824842,restaurant,,Lucy's Restaurant,-106.508148,31.7913141
node,1337824849,bar,,The King's X,-106.5080701,31.7911939
node,1360486117,fast_food,,Subway,-106.2644181,31.7602845
node,1360503736,fast_food,,Jack in the Box,-106.2661068,31.7610036
node,1381799440,fuel,,,-106.559143,31.836899
node,1381837934,fuel,,,-106.331237,31.7447197
node,1381837936,fuel,,,-106.3651067,31.7641228
node,1381837938,fuel,,,-106.3922351,31.7819073
node,1381837951,fuel,,,-106.5414313,31.8521199
node,1501317175,restaurant,,Village Inn,-106.395176,31.788914
node,1550227194,restaurant,,San Isidro,-106.6115868,31.8477506
node,1550227300,restaurant,,Hello Pizza,-106.611501,31.8477506
node,1581543879,fast_food,,101 Pizza,-106.522847,31.823442
node,1595664034,bar,,The Lowbrow Palace,-106.5029512,31.7761133
node,1727047089,fast_food,,Chipotle,-106.504107,31.7789018
node,1727047136,fast_food,,Pizza Joint,-106.504195,31.7790065
node,1727047159,restaurant,,Peking Express,-106.5040222,31.7788001
node,1727047174,fast_food,,Wingstop,-106.504061,31.7788449
node,1728723018,restaurant,,Café Italia,-106.543177,31.8337758
node,1842137605,restaurant,,Pei Wei,-106.5652645,31.8391139
node,1853707293,fast_food,,Five Guys,-106.5405788,31.8205857
node,1929944268,restaurant,,Delicias Cafe,-106.5587955,31.8584909
node,1938901072,fast_food,,McDonald's,-106.5848064,31.9094147
node,1938901074,cafe,,Starbucks,-106.58389,31.9112861
node,2143191766,fast_food,,Papa John's,-106.50231,31.776534
node,2143191798,restaurant,,The Sushi Place,-106.5024187,31.7766325
node,2143191959,restaurant,,Pizza Hut,-106.584323,31.9110061
node,2143191960,fast_food,,WingStreet,-106.5844285,31.9109564
node,2203835391,fuel,,Valero,-106.3385797,31.7826847
node,2221456858,car_rental,,Hertz,-106.3967621,31.7990336
node,2221456869,car_rental,,Thrifty,-106.3965047,31.7990244
node,2221456877,car_rental,,Avis,-106.3966334,31.799029
node,2221473012,cafe,,Starbucks,-106.395933,31.7996171
node,2253399046,fast_food,,Church's Chicken,-106.5837274,31.8853449
node,2253399198,fuel,,Diamond Shamrock /Corner Store,-106.5569183,31.8128283
node,2253399234,fuel,,Speedway,-106.5574841,31.8134279
node,2253399273,restaurant,,Cracker Barrel,-106.5681016,31.8369697
node,2272150446,cafe,,Starbucks,-106.5766166,31.8653877
node,2276469941,fast_food,,Subway,-106.4938873,31.7638181
node,2324900956,cafe,,Starbucks,-106.39365,31.800169
node,2324901259,fast_food,,Quiznos,-106.3936,31.800189
node,2324901923,fast_food,,Pizza Hut Express,-106.393515,31.800189
node,2390640435,restaurant,,Cuartito Azul,-106.5708514,31.8534016
node,2390699675,restaurant,,Ardovino's Pizza,-106.5588083,31.8586551
node,2390711433,restaurant,,Ripe Eatery,-106.5482618,31.8625006
node,2390741557,restaurant,,Mancora Peruvian Restaurant,-106.5552701,31.8372021
node,2554356791,fast_food,,McDonald's,-106.2671814,31.7936974
node,2696984254,restaurant,,Great American Land and Cattle,-106.5024176,31.7772638
node,2697003932,fast_food,,Taco Bell,-106.499785,31.772611
node,2711385335,restaurant,,Katsura,-106.5150735,31.8183852
node,2711385337,restaurant,,Jerusalem Grill,-106.513928,31.8172906
node,2711385340,restaurant,,India Palace,-106.5144614,31.8178379
node,2711661425,fast_food,,Chipotle,-106.3742853,31.770935
node,2738214008,fast_food,,Schlotzsky's,-106.318429,31.7670686
node,2738216838,restaurant,,Olive Garden,-106.2667703,31.7576251
node,2738216841,restaurant,,Red Lobster,-106.2668373,31.7570392
node,2806125391,fast_food,,Little Caesars,-106.318405,31.7668731
node,3036069911,restaurant,,La Valentina Cafe,-106.4610513,31.7663262
node,3036071943,fuel,,Ram / Super Stop,-106.4618484,31.7670572
node,3102995040,restaurant,,,-106.2440056,31.7971961
node,3104621729,fuel,,,-106.576127,31.8640298
node,3131679256,restaurant,,Katsura,-106.2661889,31.7628306
node,3164631044,fuel,,,-106.4787788,31.757837
node,3164631045,fuel,,,-106.4742309,31.759209
node,3268329364,restaurant,,Case de Torta,-106.438133,31.9229723
node,3304623452,fast_food,,Wendy's,-106.269846,31.75949
node,3304623519,restaurant,,Don Jose Mexican Grill,-106.271786,31.7604026
node,3304630061,fast_food,,McDonald's,-106.2694308,31.7598531
node,3370665825,fuel,,Circle K,-106.4131978,31.7858352
node,3370665832,fuel,,,-106.3960735,31.7899425
node,3370665834,fuel,,K,-106.3951145,31.7838723
node,3370665969,fuel,,,-106.5869946,31.860662
node,3370665970,fuel,,,-106.5867305,31.8599321
node,3451119045,fast_food,,Five Guys,-106.3046608,31.7253805
node,3881946994,fuel,,,-106.515717,31.8185913
node,3881946995,fuel,,,-106.5158303,31.8177252
node,3881950419,fuel,,,-106.5103181,31.8092657
node,3881951489,fuel,,,-106.4999117,31.7736589
node,3998454051,fuel,,Speedway,-106.4083125,31.9387158
node,3998454052,fast_food,,McDonald's,-106.4083256,31.9383805
node,3998454053,car_wash,,,-106.4081772,31.9389498
node,3999837509,fast_food,,Domino's,-106.407224,31.900929
node,3999837513,restaurant,,"Carnitas ""Tio Juan""",-106.4073951,31.9019757
node,4072179999,restaurant,,Twin Peaks,-106.3689105,31.7679042
node,4190553672,bar,,Brass Monkey,-106.5058409,31.7820341
node,4232358498,fast_food,,Einstein Bro's Bagels,-106.5073966,31.7691112
node,4232558479,theatre,,Magoffin Auditorium,-106.5061129,31.7708438
node,4306942475,fuel,,,-106.4004425,31.7604699
node,4540655666,restaurant,,Xtreme Pizza & Wings,-106.3414303,31.75679
node,4628007482,restaurant,,Chico's Tacos,-106.4450926,31.8070613
node,4628007842,parking,,,-106.3997551,31.7519717
node,4675898805,parking_space,,,-106.275958,31.7541855
node,4794566623,restaurant,,King Crab,-106.2800631,31.7495542
node,4936417726,fast_food,,McDonald's,-106.5585773,31.8597935
node,4943294007,restaurant,,Pizza Hut,-106.2505472,31.7787044
node,4953855094,restaurant,,Peking Kitchen,-106.4293447,31.7833797
node,5143831895,fast_food,,Dunkin' Donuts,-106.5606087,31.8598995
node,5143831903,fast_food,,Jack in the Box,-106.5610163,31.8598756
node,5163777321,fuel,,Alon,-106.499649,31.7733335
node,5201027539,fast_food,,Domino's,-106.50276,31.7762484
node,5201027540,restaurant,,Wing Daddy's Express,-106.5028195,31.7763123
node,5201027542,fast_food,,Subway,-106.503313,31.7766236
node,5201027544,restaurant,,Mirai Bowl,-106.5032258,31.7765371
node,5400285125,fast_food,,Sonic,-106.5839267,31.8528632
node,5412951235,fast_food,,Dunkin' Donuts,-106.4272281,31.870751
node,5637988546,restaurant,,,-106.61146,31.880262
node,5637988547,restaurant,,,-106.6115007,31.8804192
node,5868363287,fast_food,,Dunkin' Donuts,-106.4149523,31.7850579
node,5868377287,restaurant,,Los Bandidos de Carlos & Mickey's,-106.4170176,31.7862822
node,5868449280,fast_food,,Long John Silver's,-106.4111623,31.7872694
node,5868450086,fast_food,,Wendy's,-106.4107554,31.7874886
node,5879253486,fast_food,,McDonald's,-106.5313194,31.8307064
node,6167527664,parking,,,-106.4851883,31.8395097
node,6219499598,car_wash,,,-106.4235307,31.9191191
node,6219586258,restaurant,,Sabrosos Tamales,-106.423139,31.9024253
node,6219590205,fast_food,,Subway,-106.4227152,31.9024754
node,6382586844,fuel,,,-106.4219145,31.9152318
node,6410708201,fast_food,,Panda Express,-106.2669307,31.7552637
node,6410708202,fast_food,,Burger King,-106.2701278,31.7591831
node,6410708204,fast_food,,Chih'ua Tacos,-106.2719575,31.7587483
node,6410708205,fast_food,,Dairy Queen,-106.2716005,31.7590463
node,6410708206,fast_food,,Cane's,-106.2712869,31.7594636
node,6410708207,fast_food,,Taco Bell,-106.2707863,31.759838
node,6547857187,restaurant,,Greyhound,-106.4900683,31.756914
node,6573863737,bar,,Erin's Bar,-106.5336937,31.8325842
node,6900230788,cinema,,AMC CLASSIC East Pointe 12,-106.3282792,31.7404904
node,6912071038,cinema,,El Paso PREMIERE Montwood,-106.3377488,31.7744693
node,7722493416,restaurant,,Poke³,-106.5065038,31.7851236
node,7993876339,restaurant,,Del Paso Mexican Restaurant,-106.3235778,31.7854608
node,8550511418,parking,,,-106.4819203,31.7546516
node,8558765962,fast_food,,Chick-fil-A,-106.2617876,31.806825
node,8558784407,fast_food,,Chick-fil-A,-106.2998013,31.7279845
node,8630879776,parking,,,-106.3746717,31.774216
node,8630879777,restaurant,,Grimaldis,-106.3707089,31.7690461
node,8630879779,parking,,,-106.402085,31.7933581
node,8630879781,parking,,,-106.2822113,31.782224
node,8630879782,parking,,,-106.2603057,31.7838988
node,8630879783,parking,,,-106.2601175,31.7856831
node,8631005861,restaurant,,Carlos & Mickey's,-106.3952933,31.7991706
node,8631005867,parking,,,-106.3695591,31.7695523
node,8631005872,restaurant,,The Melting Pot,-106.3726437,31.7699592
node,8631005873,restaurant,,Kona Grill,-106.372825,31.7700798
node,8631005874,restaurant,,P.F. Chang's,-106.3735827,31.7704498
node,8631005875,fast_food,,Tropical Smoothie Cafe,-106.3733395,31.7707027
node,8631005878,fast_food,,Dapper Donut,-106.3726248,31.7703635
node,8631005885,fast_food,,Firehouse Subs,-106.3721457,31.7713398
node,8631005890,cafe,,Starbucks,-106.3753327,31.7719686
node,8631005892,fast_food,,Five Guys,-106.3755158,31.772016
node,8631005894,restaurant,,Luby's,-106.3747496,31.7745429
node,8631005895,fast_food,,Panda Express,-106.375076,31.774085
node,8732326897,fast_food,,Dairy Queen,-106.5806603,31.9076263
node,8732326915,fuel,,Speedway,-106.5805725,31.9074273
node,8732326916,fuel,,Speedway,-106.5809618,31.9074453
node,8734270428,fuel,,Speedway,-106.5843978,31.9096088
node,8761732836,parking,,,-106.4964024,31.7700997
node,8890853290,fast_food,,Popeyes,-106.586772,31.9071917
node,8991692317,restaurant,,Rosa’s Cantina (Marty Robbins),-106.5435373,31.8054853
node,8997255518,restaurant,,Doggo’s Taco’s,-106.3960682,31.7562758
node,9007006343,fuel,,Circle K,-106.3438687,31.7055529
node,9007006345,fuel,,Speedway,-106.3433647,31.7049436
node,9008046167,fuel,,Speedway,-106.284788,31.803786
node,9008050185,fuel,,Speedway,-106.269789,31.7610513
node,9008050191,fuel,,Speedway,-106.2584675,31.7604349
node,9008069970,fuel,,Speedway,-106.3393246,31.7724509
node,9008079340,fuel,,Speedway,-106.2445413,31.7972655
node,9008085966,fuel,,Speedway,-106.3024023,31.7643336
node,9008087778,fuel,,Speedway,-106.3758758,31.752453
node,9008087978,fuel,,Speedway,-106.3676436,31.7333144
node,9008121092,fuel,,Speedway,-106.3744125,31.7751685
node,9008134177,fuel,,Speedway,-106.4331912,31.7834783
node,9008172033,fast_food,,McDonald's,-106.556316,31.8131259
node,9008186505,fuel,,Speedway,-106.579252,31.8408667
node,9008189779,fuel,,Speedway,-106.5501101,31.8352566
node,9008418525,fuel,,Speedway,-106.4402776,31.9235131
node,9008431842,fuel,,Speedway,-106.5805203,31.907893
node,9154108085,fast_food,,Wingstop,-106.4069519,31.9394526
node,9181310175,restaurant,,Chuck E. Cheese's,-106.3575058,31.7613612
node,9351721981,cafe,,Starbucks,-106.3734628,31.7719516
node,9363913341,fast_food,,Schlotzsky's,-106.552362,31.8365034
node,9363913342,ice_cream,,Cold Stone Creamery,-106.5522329,31.836476
node,9378134277,fast_food,,McDonald's,-106.4385099,31.8963247
way,87175774,fast_food,,Burger King,-106.41396170283608,31.785630484649403
way,87175777,fast_food,,Taco Bell,-106.41447765,31.7853158
way,87179075,cafe,,Starbucks,-106.39270875097864,31.779292066162466
way,101346536,parking,,,-106.44870441877883,31.932401931841305
way,105696648,parking,,,-106.49320114410556,31.877908463830686
way,114076602,parking,,,-106.60530996547928,31.86561775834161
way,118999677,cafe,,Starbucks,-106.57246162725244,31.839396292785402
way,119006606,restaurant,,Singapore Cafe,-106.50733618652808,31.791363529309645
way,127463648,fuel,,Sam's Club,-106.57538346640624,31.8409021987556
way,127463649,car_wash,,,-106.57575187134694,31.841247505168944
way,127463651,restaurant,,Pizza Hut,-106.57581402875084,31.84095038919149
way,127463672,fast_food,,KFC,-106.57490580000001,31.840733549999996
way,127463673,fast_food,,McDonald's,-106.57362696125948,31.840476749513037
way,127464692,fuel,,Sam's Club,-106.38648615000001,31.7767651
way,129475235,fast_food,,Carl's Jr.,-106.58348961120628,31.882434998150487
way,129475237,fuel,,Speedway,-106.58311711975404,31.88262936666666
way,129475238,fuel,,Speedway,-106.58276006993641,31.88245609888305
way,135146298,fuel,,Valero,-106.5115884560089,31.795637814580335
way,146302547,restaurant,,Tara Thai Restaurant,-106.50243058268894,31.776752271327968
way,160682614,fuel,,Valero Corner Station,-106.50470259774919,31.780384475487182
way,160682619,restaurant,,Carl's JR.,-106.50485818229839,31.780976574113883
way,160685827,parking,,,-106.50200392145254,31.77597932960859
way,160913646,fast_food,,Wienerschnitzel,-106.55101073082784,31.836294233714256
way,160913651,fast_food,,Subway,-106.54884480000001,31.8358215
way,160913667,fast_food,,Popeyes,-106.55718446721693,31.83740437899422
way,161021363,restaurant,,Golden Corral,-106.56008050000001,31.8381563
way,161021365,restaurant,,Leo's Mexican Food Restaurant,-106.56744195,31.8352633
way,161021370,fast_food,,Wendy's,-106.5627105197667,31.83759566431507
way,161021392,cinema,,,-106.5639837,31.83195875
way,161021395,fast_food,,Taco Bell,-106.5615681,31.8374575
way,161021412,fast_food,,Chick-fil-A,-106.56680877910982,31.8379788410545
way,161027979,fast_food,,Krispy Kreme,-106.5679565,31.8395316
way,161028001,fuel,,Diamond Shamrock,-106.56839226155812,31.839519310246654
way,161028003,restaurant,,Texas Roadhouse,-106.56850300026736,31.84040439628999
way,161870628,restaurant,,Gonzalo's Restaurant,-106.49189651970778,31.767440775003813
way,166556223,parking,,United Parking Systems,-106.48953464689892,31.756948864904196
way,166559968,parking,,,-106.4938206853548,31.762838007374892
way,166559977,parking,,,-106.49473963549877,31.757191521700527
way,166643378,fast_food,,Burger King,-106.48865322992823,31.755266211989177
way,170305464,cafe,,Starbucks,-106.5291649,31.8292649
way,170305468,restaurant,,P.F. Chang's,-106.54615181095416,31.817005876901714
way,170305470,restaurant,,Olive Garden,-106.545553691644,31.817337132352524
way,170305476,restaurant,,Red Lobster,-106.54699254999998,31.816475
way,170305480,restaurant,,Chuck E. Cheese's,-106.5434853,31.81805325
way,171326378,fast_food,,Carl's Jr.,-106.29171626456589,31.73744759741966
way,171326380,pub,,Brew Sports Pub & Grill East,-106.29386457833903,31.73610001439868
way,171326383,fuel,,Circle K,-106.29250744999999,31.73770655
way,171326384,restaurant,,El Portal Del CIRO's Mexican & Seafood,-106.29409117331203,31.735826517384062
way,171326386,restaurant,,Carnitas Queretaro,-106.29350324999999,31.736582800000004
way,171326387,restaurant,,Ernie's Cafe,-106.29041120393248,31.73902648282006
way,171326390,fuel,,Valero,-106.29129790376716,31.738106690963058
way,171326392,fast_food,,Tacotote,-106.29317060000001,31.7369762
way,171326395,fast_food,,Wienerschnitzel,-106.29423658494086,31.735568652090887
way,172344110,restaurant,,Peter Piper Pizza,-106.26512686314358,31.806262322354108
way,172350539,fast_food,,Taco Bell,-106.26323485,31.806609600000005
way,172350540,fast_food,,Burger King,-106.26422063846657,31.806450207805362
way,172460322,fuel,,Valero,-106.43955208309266,31.869286869728313
way,173386110,fast_food,,McDonald's,-106.34441080618737,31.75305879749579
way,173386602,fuel,,Circle K,-106.24807730000002,31.80864865
way,173390034,restaurant,,Landry's,-106.38839650000003,31.777439600000005
way,173390036,restaurant,,Olive Garden,-106.37926776806357,31.773665303559426
way,173390794,restaurant,,Hooters,-106.38480775,31.778674650000003
way,173390796,cinema,,Cinemark,-106.38271331416607,31.778475097715464
way,173390797,restaurant,,Red Lobster,-106.38347700000001,31.775435
way,183123973,parking,,,-106.5096049942109,31.91665620772479
way,193976192,parking,,,-106.25800968539957,31.795072903657108
way,193976204,parking,,,-106.25527366554395,31.793679310765608
way,193976210,parking,,,-106.25890831458558,31.79495785797277
way,196932520,parking,,,-106.39101407151159,31.79779154746592
way,196932683,parking,,,-106.39372808501619,31.79601481599611
way,196932738,parking,,,-106.39532025926162,31.798047714287936
way,196933099,parking,,,-106.39665978790654,31.79961192526612
way,203676489,parking,,,-106.5755611,31.894969899999996
way,203685775,fuel,,Speedway,-106.49052076666666,31.763240979262147
way,204314449,restaurant,,Rudy's Country Store & Bar-B-Q,-106.58342605762685,31.883504921462013
way,204503845,fast_food,,Burger King,-106.57497104625271,31.839848241468307
way,204503853,restaurant,,Village Inn,-106.57132332145724,31.839088556510283
way,204503855,fuel,,,-106.57657378419262,31.84097971819673
way,217525230,theatre,,Abraham Chavez Theatre,-106.49074674724204,31.757545058693275
way,217550128,parking,,,-106.22196152467282,31.779655435667255
way,217550135,parking,,,-106.21779738213978,31.781194084253364
way,217551122,parking,,,-106.23417146062921,31.784031284361568
way,217616815,parking,,,-106.24642451401937,31.801888899196705
way,217616816,parking,,,-106.24661515053103,31.803894118400596
way,218405576,parking,,,-106.49302445423275,31.762905258983704
way,218405577,parking,,,-106.49294358119039,31.76346189309611
way,218405609,parking,,,-106.49428722258791,31.764978978721736
way,233538953,parking,,,-106.24045084356892,31.79278353782065
way,233538956,parking,,,-106.24137764341788,31.79311324238698
way,238143133,restaurant,,Julio's Cafe Corona,-106.26722411915142,31.80021283561159
way,248731810,parking,,,-106.49997638277898,31.8078058263218
way,248731813,parking,,,-106.49923759693453,31.807855997084324
way,249041584,parking,,,-106.45594594794454,31.765936573165686
way,249044426,theatre,,,-106.45520323393315,31.766573749269448
way,252287715,restaurant,,Cafe El Rincon De Cortez,-106.50690357582414,31.78436615975893
way,262817422,fast_food,,McDonald's,-106.48647771841358,31.755945230903937
way,262818922,theatre,El Paso,Plaza Theatre,-106.48969772032018,31.75908512021121
way,262818932,restaurant,,Fo Sho Vietnamese Cuisine,-106.48595931103182,31.755888927653544
way,263590993,fast_food,,Whataburger,-106.30344260705051,31.721563282856753
way,263591205,fast_food,,Whataburger,-106.4359348340155,31.897912890179764
way,263591382,fast_food,,Whataburger,-106.34192334813845,31.755851855553793
way,263593100,fast_food,,Whataburger,-106.55720956582402,31.858559140540077
way,263642615,fast_food,,Whataburger,-106.36653069999998,31.764746499999994
way,263642848,fast_food,,Whataburger,-106.40742154627956,31.90073941781698
way,263643128,fast_food,,Whataburger,-106.58290885,31.850535400000005
way,263643395,fast_food,,Whataburger,-106.4444209,31.80807745
way,263643909,fast_food,,Whataburger,-106.3589964,31.7939917
way,263646434,fast_food,,McDonald's,-106.3194514,31.763550199999997
way,263646672,fast_food,,Whataburger,-106.54020486659645,31.819791498627854
way,263646793,fast_food,,Whataburger,-106.42157294999998,31.7832677
way,263647426,fast_food,,Whataburger,-106.43932253381944,31.853629653814732
way,263670321,fast_food,,McDonald's,-106.46153638496145,31.766037233025155
way,263683780,fast_food,,Whataburger,-106.27060527943756,31.760239053263213
way,263683960,fast_food,,Whataburger,-106.33199506547298,31.745063220623976
way,263704575,fast_food,,Whataburger,-106.31463167091655,31.680345612347597
way,263704878,fast_food,,Whataburger,-106.40088910110626,31.762077874180523
way,264217518,cafe,,Passport Cafe,-106.44424860400675,31.76936363292413
way,264217520,cafe,,Grasslands Cafe,-106.44203872300426,31.76864258785064
way,264218040,parking,,,-106.44520083247748,31.768299010833605
way,264220281,parking,,,-106.34061476530877,31.708047142554772
way,264222297,parking,,,-106.46144580973437,31.763253204791653
way,264222298,parking,,,-106.46006872992088,31.763776696468497
way,264222303,parking,,,-106.46088198363933,31.765557236689116
way,264235821,parking,,,-106.42610598060179,31.781576623943998
way,264560202,parking,,,-106.43661359435045,31.770946840450165
way,264560203,parking,,,-106.43472283321061,31.768664296195745
way,264560204,parking,,,-106.43392960413942,31.77003600426048
way,264563355,parking,,,-106.43344485232167,31.771051738540194
way,264563358,parking,,,-106.43651501206982,31.77349565654003
way,264563360,parking,,,-106.43532557213518,31.773252698500986
way,264749494,parking,,,-106.5370450357727,31.81472474399737
way,264786036,parking,,,-106.40552202895249,31.753611637365026
way,264786037,parking,,,-106.40229868758108,31.751813010753324
way,264786041,parking,,,-106.40299944040264,31.756542148871127
way,264786048,parking,,,-106.40279089188807,31.747292489023614
way,264786049,parking,,,-106.4020977812152,31.74816857246175
way,264786052,parking,,,-106.40148804999997,31.748954299999998
way,264786053,parking,,,-106.40306208815346,31.749466064857355
way,264786054,parking,,,-106.40103850347538,31.74952750369968
way,264786055,parking,,,-106.40323886810799,31.748582015356593
way,264786057,parking,,,-106.40494694290952,31.747477125227448
way,264786058,parking,,,-106.4055970230045,31.747769067432667
way,264786059,parking,,,-106.40281466784332,31.75040493417825
way,264786060,parking,,,-106.40352872145391,31.746431445595107
way,265351208,parking,,,-106.49334540074067,31.766879719193263
way,265351231,parking,,,-106.49434428229422,31.767408040575035
way,265382772,parking,,,-106.43347151252537,31.787034389403722
way,265383218,parking,,Dr. Green Parking Lot,-106.5127088856723,31.822689692458848
way,265384521,parking,,,-106.54547997624732,31.837623274805342
way,265384613,parking,,,-106.54417005965318,31.837670805422484
way,265384649,parking,,,-106.54651635911614,31.835664993641462
way,265449999,parking,,,-106.49298760861244,31.76735811614044
way,265451717,parking,,,-106.49200754999998,31.76538755
way,265451718,parking,,,-106.49136615,31.764667549999995
way,265451719,parking,,,-106.49242097290909,31.764297116290084
way,265451723,parking,,,-106.4925279286646,31.763837972382113
way,265452714,parking,,,-106.49163892467631,31.764215073353686
way,265453542,parking,,,-106.49486543340888,31.767132154151128
way,265453543,parking,,,-106.4952747,31.766960750000006
way,265457987,parking,,,-106.48832186241886,31.765817914299923
way,265457989,parking,,,-106.48912172135498,31.766087072573196
way,265459208,parking,,,-106.49629055332177,31.780075202661113
way,265459212,parking,,,-106.50024630073976,31.786356711043762
way,265460279,parking,,,-106.49310795310092,31.764365054035586
way,265460280,parking,,,-106.4926505,31.764626800000002
way,265460281,parking,,,-106.49360871772457,31.76555349217281
way,265460282,parking,,,-106.49434857983707,31.765914085195735
way,265460283,parking,,,-106.4947437667806,31.76620459581188
way,265467144,parking,,,-106.49450356574401,31.766833336443025
way,265468512,parking,,,-106.49487660000001,31.76799665
way,265474687,parking,,,-106.51407003936401,31.814720795360827
way,265480385,parking,,,-106.51493440132872,31.81792868624623
way,265480388,parking,,,-106.51406231960485,31.817099795565674
way,265480389,parking,,,-106.51344931860497,31.817724468270768
way,265480390,parking,,,-106.51301277984038,31.818033395903427
way,265482375,restaurant,,Chutney,-106.51828110000001,31.819521249999994
way,265483326,parking,,,-106.51370696542807,31.81895646858628
way,265560937,arts_centre,,The Summit,-106.51337524999998,31.818750800000004
way,265643567,parking,,,-106.5583892180544,31.85846448067622
way,265648880,parking,,,-106.49639660640854,31.76823087466775
way,265649692,parking,,,-106.49684676129931,31.768733814569355
way,265649696,parking,,,-106.49733420000003,31.7691526
way,265649698,parking,,,-106.49818015456775,31.76936403531718
way,265649786,parking,,,-106.49741924903027,31.770002533102
way,268483289,fast_food,,Burger King,-106.31851816410033,31.76651956992087
way,268494056,fast_food,,Jack in the Box,-106.39516225764251,31.789499757860455
way,268496101,fuel,,alon,-106.42370351741445,31.930132209441034
way,274223756,restaurant,,IHOP,-106.54360953175035,31.819966528284912
way,283131070,parking,,,-106.38592787457647,31.78201389696141
way,285226846,parking,,,-106.42043899049584,31.92052305711714
way,285226857,parking,,,-106.41975041817213,31.919664836116272
way,285226858,parking,,,-106.42083979141441,31.918646137432443
way,285268490,parking,,,-106.43490283339682,31.911912670250725
way,286922594,parking,,Glory Road Transfer Center and Parking Garage,-106.50406914565063,31.776942848000065
way,293384801,restaurant,,Buffalo Wild Wings,-106.54201368588474,31.820020939345397
way,294352094,parking,,,-106.54117068863154,31.817429786988797
way,299390017,parking,,,-106.40337109929501,31.939361054634624
way,299390018,parking,,,-106.40486524965607,31.938245565904772
way,301713081,parking,,,-106.50053277515498,31.769275706071806
way,301713082,parking,,,-106.50163789234496,31.770664261658123
way,301713084,parking,,,-106.50286235430627,31.77115814048333
way,302681771,parking,,,-106.33573735917534,31.673124866531886
way,303083807,parking,,,-106.35541644633606,31.754973320449466
way,305597847,cinema,,Cinemark East Montana,-106.24539556825563,31.80729564667674
way,305600352,parking,,,-106.24938816891641,31.79576758845706
way,305602854,cafe,,Starbucks,-106.26712386758116,31.79324534280538
way,305976466,parking,,,-106.34446248389979,31.7472136583728
way,305986956,restaurant,,Hayashi Hibachi,-106.34581238547676,31.753815331450102
way,305986969,fast_food,,,-106.34293828754055,31.754880456405772
way,305986971,fast_food,,Burger King,-106.34445617138712,31.754304201260076
way,305986973,fast_food,,Dunkin',-106.34504388693844,31.75386449198766
way,305986988,restaurant,,Pizza Hut,-106.34680279999999,31.752573700000003
way,306113840,parking,,,-106.32802543860605,31.69909043666021
way,306113850,parking,,,-106.32986591214029,31.700955013979108
way,306113868,parking,,,-106.33173886067688,31.703021636713725
way,306113891,parking,,,-106.33510912542778,31.707119184280582
way,307374701,parking,,,-106.57624611683666,31.887351100323407
way,307374702,parking,,,-106.53997973028248,31.818821764744865
way,307374705,parking,,,-106.56174177640254,31.86654094309285
way,307374706,parking,,,-106.56771572937735,31.878887185197076
way,307374707,parking,,,-106.5761169581217,31.896757703042553
way,307374711,parking,,,-106.54817154436054,31.86189756017304
way,307374714,parking,,,-106.57697019805742,31.878715911876746
way,307374716,parking,,,-106.55040404685009,31.88185931433713
way,307374717,parking,,,-106.56285096754148,31.866153393076207
way,307374720,parking,,,-106.56695804289511,31.878949655517484
way,307374759,parking,,,-106.54207203572231,31.81857047065046
way,307374761,parking,,,-106.5858479065493,31.897821344465616
way,307374762,parking,,,-106.53092503126527,31.81610452712948
way,307374763,parking,,,-106.55700632227335,31.860171673023142
way,307374764,parking,,,-106.57616351458768,31.899337917596295
way,307374766,parking,,,-106.55520529481215,31.863379533660403
way,307374767,parking,,,-106.55276880222567,31.861991940934534
way,307374770,parking,,,-106.57300250665438,31.901872913246695
way,307374772,parking,,,-106.57507022344387,31.904876648960013
way,307374773,parking,,,-106.56218492640548,31.867727603673686
way,307374774,parking,,,-106.53222796056573,31.816055994142978
way,307374775,parking,,,-106.58653544362178,31.9124749945054
way,307374776,parking,,,-106.58381110529757,31.911906329882388
way,307374777,parking,,,-106.54721792660169,31.862988004853907
way,307374779,parking,,,-106.54951645398192,31.817422695387602
way,307374782,parking,,,-106.53041040477123,31.81769026123031
way,307374784,parking,,,-106.56424714534793,31.83276515173094
way,307374791,parking,,,-106.52872322071897,31.81770395218057
way,307374798,parking,,,-106.58408311484533,31.897801857138848
way,307374799,parking,,,-106.54748404809389,31.880732090732714
way,307374800,parking,,,-106.57729471937495,31.895231175092402
way,307374801,parking,,,-106.5748685386065,31.88798613736632
way,307374803,parking,,,-106.5752366690868,31.89632584024474
way,307374806,parking,,,-106.55065458048247,31.86206235415639
way,307374807,parking,,,-106.57653510000002,31.90070435
way,307374809,parking,,,-106.57728555,31.8974516
way,307374812,parking,,,-106.55489465,31.860385200000003
way,307374813,parking,,,-106.57677887573277,31.876512993446273
way,307374815,parking,,,-106.57732527149378,31.896549653748554
way,307374817,parking,,,-106.58730392143684,31.89774026084387
way,307374821,parking,,,-106.54120209802583,31.81903084968832
way,307374823,parking,,,-106.56456521863682,31.83375182794175
way,307374824,fuel,,,-106.54087361101385,31.819413584173276
way,307374828,parking,,,-106.57377940951699,31.877097651823952
way,307374830,parking,,,-106.5754324673034,31.87746115064266
way,307374831,fuel,,,-106.52750125520869,31.818052583276433
way,307374834,fuel,,,-106.54866116287323,31.861911219819948
way,307374835,parking,,,-106.57384417584957,31.888547464635053
way,307374836,parking,,,-106.56605957063465,31.833600310277095
way,307374839,parking,,,-106.52763804433147,31.817400631985308
way,307374841,parking,,,-106.57613763068112,31.90152632354248
way,307374842,parking,,,-106.56845625273421,31.878992961947063
way,307374844,parking,,,-106.5587261637422,31.860316366883946
way,307374846,parking,,,-106.57175309022277,31.87785159272383
way,307374961,fuel,,Speedway,-106.56864932026967,31.878995336091894
way,307656472,parking,,,-106.57740435896329,31.894571831518014
way,307656473,parking,,,-106.57721656737998,31.89373211861353
way,307769111,restaurant,,Famous Dave's,-106.39268436841911,31.78093041652674
way,313261212,restaurant,,Piter Piper Pizza,-106.57698108109908,31.86832687333692
way,313316056,parking,,,-106.56996716235729,31.828655615367836
way,315351029,fuel,,,-106.32284605546116,31.783484166466568
way,321233154,fuel,,Murphy USA,-106.43717815000001,31.898074750000003
way,321367385,parking,,,-106.43236127428133,31.89763277416538
way,323683611,fast_food,,Chick-fil-A,-106.27136995389269,31.757990827910007
way,329905912,parking,,,-106.41571839283765,31.787486901353738
way,331195618,ice_cream,,Baskin-Robbins,-106.32406618775516,31.78329254613528
way,331195691,fuel,,Chevron,-106.32352577169394,31.783306327163434
way,331197038,restaurant,,Edge of Texas,-106.32510990402454,32.00007747203705
way,331197039,parking,,,-106.32598904263419,32.00039247696968
way,334627316,parking,,Sun Bowl Drive Lot 3 (SB3),-106.50862805099969,31.769414863314367
way,334627317,parking,,,-106.50222601472849,31.772499779983608
way,334627318,parking,,Schuster Avenue Lot 1 (SC1),-106.50501444455148,31.764557919366695
way,334627320,parking,,Kerbey Lot 1  (KE1),-106.50348775328513,31.77248052065351
way,334627322,parking,,,-106.5012678343569,31.770165648022378
way,334627323,parking,,Schuster Parking Garage (SCG),-106.50371702160396,31.765760211381753
way,334627324,parking,,Schuster Avenue Lot 4 (SC4),-106.50114050072872,31.766351985133973
way,334627325,parking,,Sun Bowl Drive Lot 4 (SB4),-106.50945101001409,31.770462155046356
way,338047132,restaurant,,Johny Carino's,-106.5425845004137,31.81964598690286
way,338047331,fast_food,,Jack in the Box,-106.50828429643916,31.793089583358153
way,338049154,fast_food,,Carl's Jr.,-106.3186051338252,31.768488475096095
way,338050295,fast_food,,Jack in the Box,-106.42927080086957,31.86749602423847
way,338050297,fast_food,,Burger King,-106.42803464821976,31.869073720201055
way,338050301,fast_food,,Carl's Jr.,-106.4235376184666,31.876074423937055
way,347312256,parking,,,-106.37389211301071,31.77149842078697
way,350955502,restaurant,,Great American Land & Cattle Co.,-106.30339923109001,31.72734390608999
way,350955503,fast_food,,McDonald's,-106.30344477772981,31.728258171233726
way,350955504,fast_food,,Chipotle,-106.30343475,31.728678149999997
way,351205996,parking,,,-106.4992208447181,31.771857659981908
way,351206457,parking,,Sun Bowl Parking Garage (SBG),-106.507875456823,31.77018620327105
way,351208829,parking,,,-106.50448318881458,31.76797199777583
way,354074275,parking,,,-106.30380295830085,31.71139747554467
way,355196388,parking,,,-106.48272726337319,31.757164568749626
way,355514876,parking,,,-106.57471459928243,31.821394466724204
way,355514877,parking,,,-106.57141659999998,31.820234099999997
way,355514878,parking,,,-106.57296055846454,31.82256130941529
way,355514879,parking,,,-106.57122137114666,31.8214333772475
way,355514880,parking,,,-106.57075639999998,31.8207348
way,355524403,parking,,,-106.59557239999998,31.854113099999992
way,355524407,parking,,,-106.59585922237994,31.85213750459048
way,355832876,parking,,,-106.430090617032,31.771129285045948
way,355832879,parking,,,-106.4301135288652,31.772319119258952
way,355832880,parking,,,-106.43008364648614,31.772534611096994
way,355832881,parking,,,-106.43009777654066,31.772726757683905
way,360740840,parking,,,-106.4771620551545,31.773454722673815
way,361085212,parking,,,-106.5645785113488,31.86207065457525
way,364388714,parking,,,-106.45151492959326,31.78339279541276
way,370747677,parking,,,-106.45741612751189,31.83515371892232
way,372235058,parking,,,-106.30653470804617,31.716127525482154
way,372743658,parking,,,-106.27906863658289,31.713321114268382
way,373518603,parking,,,-106.44075490008905,31.826074569323534
way,374148786,parking,,,-106.48274395123349,31.750471551561503
way,375987483,parking,,,-106.48755004378553,31.750130999571738
way,375987484,parking,,,-106.48796153011745,31.749747862067743
way,396935505,parking,,,-106.5213281158774,31.823849196760044
way,396936672,parking,,,-106.52376690527332,31.82470797053176
way,396936673,parking,,,-106.52970932847663,31.829395846536592
way,396936674,parking,,,-106.52899214039421,31.831731485568568
way,396937024,parking,,,-106.57540790057371,31.842157073259198
way,398793274,parking,,,-106.48771974723708,31.751310795685765
way,415088988,fuel,,7-Eleven,-106.4663214419855,31.821481924712046
way,415092173,fast_food,,McDonald's,-106.44464133177128,31.827696533912913
way,415852741,parking,,,-106.41413469883102,31.78087902582323
way,415858291,parking,,,-106.37119706253735,31.79176813160622
way,423676780,parking,,Academic Services Visitor Parking,-106.50178269820067,31.767025385721105
way,423702815,arts_centre,,Rubin Center,-106.5072423122122,31.7715180220748
way,431484969,parking,,,-106.40722750933159,31.780189856389406
way,431484972,parking,,,-106.40850261279972,31.779349985425053
way,435677656,parking,,,-106.32903525500356,31.77635645358756
way,435717572,parking,,,-106.4881484193708,31.779195184381905
way,435717828,parking,,,-106.48961370599783,31.77834642806087
way,437236886,fast_food,,Whataburger,-106.25955455612994,31.807074830603575
way,437579718,parking,,,-106.47984020209613,31.78269055008372
way,463599022,fuel,,Circle K,-106.34544465000002,31.751753999999995
way,463599024,fuel,,Rudy's,-106.34411149999998,31.7507699
way,463621565,fuel,,,-106.45055957549248,31.783837743158372
way,463621577,fuel,,,-106.45052935527553,31.783429675141054
way,463629724,fuel,,Chevron,-106.48632056199138,31.75528528255002
way,463638698,cafe,,Starbucks,-106.50046667290532,31.77447187558719
way,463698226,fuel,,Circle K,-106.28602285,31.743874899999994
way,463705504,parking,,,-106.36837517037648,31.75019280714932
way,463705505,parking,,,-106.36768830756004,31.750719011864305
way,468254241,parking,,,-106.41851912386456,31.92157537092975
way,468254242,parking,,,-106.42472469875446,31.894363346711
way,468254243,parking,,,-106.4266811479171,31.892384923554435
way,468254247,parking,,,-106.4008570959263,31.752018375239487
way,468351666,parking,,,-106.48598730790108,31.75045515813137
way,468351668,parking,,,-106.48756488470403,31.75052178891666
way,468351670,parking,,,-106.48736638625932,31.749510377984674
way,468351671,parking,,,-106.48727083253911,31.749226859882523
way,468351686,parking,,,-106.48613089206079,31.748983074679355
way,468453313,parking,,,-106.43700195132168,31.75979912550838
way,468606141,fast_food,,Raising Cane's,-106.37638954129832,31.77190202722133
way,468606158,ice_cream,,Häagen-Dazs,-106.37129795389149,31.769723461858646
way,468606159,restaurant,,Chuy's,-106.37119445640369,31.769338921904883
way,468606160,ice_cream,,Menchie's,-106.37059613582883,31.76938026398731
way,468983179,parking,,,-106.42376499611346,31.858445225821487
way,468983183,parking,,,-106.42339289751153,31.85697756610787
way,468993408,parking,,,-106.43432959278522,31.883553439755822
way,468993419,parking,,,-106.42708579307441,31.88935029166284
way,469589938,parking,,,-106.48460831079778,31.751760558351908
way,469735424,parking_space,,,-106.45556305000001,31.819765649999997
way,470520660,parking_space,,,-106.28319266109902,31.77149826458072
way,470531310,parking_space,,,-106.46372942546171,31.813779718729904
way,478163968,restaurant,,L & J Cafe,-106.44984663592325,31.779422510726384
way,479636105,parking,,EPHS Parking lot,-106.49171087740298,31.773544919764994
way,482493087,car_wash,,Splash N Dash,-106.50854995973312,31.79216603212058
way,486771958,parking_space,,,-106.31266027519848,31.696827142372843
way,487083513,parking,,,-106.50133758328312,31.880632395884934
way,487083514,parking,,,-106.5038353557135,31.88314261026647
way,508548127,parking,,,-106.47848181262366,31.810044926751264
way,529552141,restaurant,,,-106.5610126511627,31.85992398136303
way,529552167,restaurant,,,-106.51979337387849,31.822555160091483
way,529552168,restaurant,,Vivar's Viva del Mar,-106.51929741021544,31.822075687580927
way,529552170,restaurant,,,-106.51859013721251,31.821512988348907
way,529552176,fuel,,,-106.51558551027152,31.81869855541131
way,533249492,fuel,,,-106.23025625,31.7975131
way,533387530,parking,,,-106.28893253156491,31.763111235257547
way,533425808,parking,,,-106.29716878785358,31.76449272193296
way,537018055,fast_food,,Johnny Rockets,-106.49999949619757,31.773002016483243
way,537018059,fast_food,,Whataburger,-106.5004969824366,31.773400458156694
way,537018060,cafe,,Kinley's House of Coffee & Tea;Kinley's House Coffee and Tea,-106.50060379053554,31.773688397331764
way,537018061,restaurant,,Hamburger Stand,-106.5002526655819,31.77407791178637
way,537018065,fast_food,,McDonald's,-106.50193063506688,31.77501011625629
way,537317659,fuel,,,-106.46112974943206,31.766982015662286
way,537317672,parking,,,-106.47156979358141,31.782525706265286
way,541756919,parking,,,-106.42988733571916,31.866186029600172
way,541756920,parking,,,-106.43011481074645,31.865516043174413
way,541756921,parking,,,-106.42972860139676,31.865371202732867
way,541756922,parking,,,-106.43015909969512,31.865392460987376
way,541756923,parking,,,-106.43015442668262,31.865336712775406
way,541756924,parking,,,-106.43015141080588,31.865211142291333
way,545134941,parking,,,-106.44359031122899,31.842853447348613
way,547800872,restaurant,,Applebee's,-106.3041448805625,31.7714414626956
way,549396193,fast_food,,Sonic,-106.430550033355,31.869448802309595
way,549396601,fast_food,,Taco Cabana,-106.4298033215442,31.869510554618607
way,561109443,parking,,,-106.56292133695747,31.905685894315823
way,561109444,parking,,,-106.56545313173554,31.905542520685366
way,561109445,parking,,,-106.56319274268884,31.903626247633582
way,561109446,parking,,,-106.5655260222716,31.903779242548627
way,561109951,parking,,,-106.5729560096333,31.905498819542974
way,561112054,parking,,Sun Bowl Drive Lot 5 (SB5),-106.5100736453625,31.7722091571623
way,561112372,parking,,Glory Road Lot 2 (GR2),-106.50717731153924,31.775314752036895
way,561112741,parking,,Glory Road Lot 1 (GR1),-106.50839999300297,31.775835213989076
way,561112928,parking,,Dawson 1,-106.50802347368864,31.771696603542104
way,561113449,parking,,Sun Bowl Drive Lot 2 (SB2),-106.507476622212,31.767667352171856
way,561113450,parking,,Schuster Avenue Lot 2 (SC2),-106.50235665170919,31.765641886438814
way,562928757,fuel,,Circle K,-106.57796009999998,31.862659299999997
way,563721241,parking,,,-106.37454634662947,31.754109213235974
way,563725859,parking,,,-106.37187956294987,31.75276654827165
way,563725860,parking,,,-106.36763719813221,31.75280136587664
way,563725863,parking,,,-106.36724967819096,31.751587933128466
way,563726729,parking,,,-106.37066986168955,31.75042719911916
way,563726770,parking,,,-106.37128684913712,31.751420094643496
way,563727872,parking,,,-106.37051107513705,31.75361080413433
way,563728683,parking,,,-106.3673383923363,31.749412018424316
way,563731793,parking,,,-106.37324360015116,31.75311682616638
way,563746464,parking,,,-106.39790745706759,31.7968545806505
way,563746526,parking,,,-106.39847554777919,31.79676716074721
way,563750841,restaurant,,Applebee's,-106.39502252472414,31.793056145953518
way,568338240,restaurant,,Crave Kitchen and Bar,-106.30105332330919,31.72727886170119
way,568338242,restaurant,,Village Inn,-106.30052691377468,31.727102185715502
way,568604101,parking,,,-106.4937763055555,31.75907022311839
way,581620130,parking,,,-106.61407858932525,31.84796923292408
way,584636433,parking,,,-106.30044669752061,31.733929985582428
way,584636441,parking,,,-106.30133443550271,31.73407211105459
way,584636446,parking,,,-106.30043669408663,31.733523354489606
way,584636451,parking,,,-106.29959823891394,31.734448542405556
way,584636456,parking,,,-106.30059517725742,31.735568600492993
way,584636461,parking,,,-106.30125892598797,31.7352516733338
way,584636465,parking,,,-106.30089462511856,31.73457640366926
way,584636469,parking,,,-106.30089776595081,31.734377597484755
way,584636473,parking,,,-106.3010568823274,31.734603234503908
way,584636477,parking,,,-106.30130696897919,31.734633716420642
way,590548429,parking,,,-106.61117227839178,31.88072368191217
way,592256366,parking,,,-106.61126635495381,31.879335223918854
way,592256367,parking,,,-106.61095974999999,31.87896775
way,598289365,parking,,,-106.3387860421725,31.68711413487233
way,598294696,parking,,,-106.32969496131048,31.688526837191052
way,598306419,parking,,,-106.33230730772577,31.688808645312704
way,604431495,parking,,,-106.40674197839658,31.75861942203647
way,604431500,parking,,,-106.40565427310308,31.75985464170959
way,604431501,parking,,,-106.40541000960503,31.75998544207397
way,604431502,parking,,,-106.40388245,31.7594903
way,604431515,parking,,,-106.40688564999999,31.759753649999997
way,604431516,parking,,,-106.40728079999997,31.7591446
way,604431522,parking,,,-106.40227428730599,31.75920177489934
way,604431523,parking,,,-106.40293631522252,31.759151582062707
way,604431524,parking,,,-106.40294259080981,31.759948375076714
way,613083597,parking,,,-106.37419065195823,31.73324426200827
way,616010415,parking,,,-106.3341192686634,31.67275137870974
way,616010416,parking,,,-106.33583960279073,31.67288963498089
way,616022768,parking,,,-106.33696348840674,31.673238651746022
way,620659223,parking,,,-106.3182182958117,31.767946016174026
way,620659225,parking,,,-106.31774694186005,31.766590733030593
way,620659227,parking,,,-106.31846824706544,31.76617257313248
way,621876410,parking,,,-106.44098222122064,31.769512019706728
way,621876411,parking,,,-106.44049167641279,31.769727578666934
way,621877481,parking,,,-106.44217086910797,31.77158782018018
way,621877697,parking,,,-106.43747287430669,31.772870155982904
way,631435991,fast_food,,Sonic,-106.58389941137747,31.913058589748058
way,637368171,fast_food,,Whataburger,-106.5839583170135,31.912043752922354
way,637369914,fast_food,,Whataburger,-106.34797724873391,31.729088067022108
way,652567695,fuel,,,-106.29829485619724,31.767391854047435
way,658643461,theatre,,McKelligon Canyon Amphitheatre,-106.48465648020992,31.837530962122933
way,658655365,parking,,,-106.48387736702983,31.838172797255016
way,658655386,parking,,,-106.48466428378161,31.838040278076427
way,658655387,parking,,,-106.48602605781355,31.840836842742288
way,658655388,parking,,,-106.48637817640137,31.84144096828254
way,665231926,fuel,,Circle K,-106.37810549999999,31.771178900000002
way,665356636,parking,,,-106.57739367787508,31.896178424978682
way,666950621,restaurant,,IHOP,-106.30343457605686,31.726724198076354
way,667318049,fast_food,,Arby's,-106.31990075000002,31.768541600000006
way,667318061,cafe,,Starbucks,-106.31946377970722,31.767747561369646
way,667318062,fast_food,,McDonald's,-106.31962382168581,31.76805639607798
way,667318064,fast_food,,Wienerschnitzel,-106.3195533714011,31.768494598103363
way,667344278,restaurant,,Bonnie's Cafe,-106.28608235000002,31.767747149999998
way,667344283,fuel,,Valero,-106.28540015,31.76689595
way,667344286,fuel,,Circle K,-106.28446771254961,31.7676486887078
way,673526870,parking,,,-106.44040887378215,31.7690500484899
way,676108101,parking,,,-106.41298082700048,31.78944637000876
way,693347636,fuel,,Alon,-106.3324525,31.796242250000002
way,693347637,restaurant,,Pizza Hut,-106.33277267768158,31.79684030961357
way,693347640,restaurant,,,-106.33171759427307,31.796739699808295
way,693347642,fast_food,,Carl's Jr.,-106.33080467723205,31.797740774255935
way,693394124,fuel,,Circle K,-106.301869720282,31.801567621800693
way,693394125,fast_food,,McDonald's,-106.30281630463129,31.80125585359921
way,695025657,fuel,,Alon,-106.36555834146178,31.762566071844
way,703417697,parking,,,-106.4217690570339,31.876249099832414
way,706816733,car_wash,,Pepe's Car Wash,-106.43958600265299,31.92134870087367
way,712107659,cinema,,Cinemark 20 & XD,-106.30750728056286,31.727935900799675
way,712107667,restaurant,,BJ's,-106.30739490597853,31.724302754175547
way,712107668,fast_food,,Krispy Kreme,-106.30698264952439,31.723953403398436
way,712144520,parking,,,-106.48227825000001,31.751342350000005
way,712144531,parking,,,-106.48487510566554,31.760011532463988
way,712144532,parking,,,-106.48601624632974,31.761297164589998
way,712144536,parking,,,-106.48906994999999,31.760226249999995
way,712144543,parking,,,-106.48877285214465,31.762915150793553
way,712144547,parking,,,-106.49195679902991,31.766640559346143
way,713539256,parking,,,-106.42871999533556,31.91856121787236
way,723617055,restaurant,,Arby's (closed),-106.53895437120391,31.833888307195977
way,723617061,restaurant,,Avila's Mexican Restaurant,-106.53255845229879,31.83228336168261
way,723617068,restaurant,,Boss Chicken & Custard,-106.53152620000002,31.831656999999996
way,723617073,restaurant,,Village Inn,-106.53025435696541,31.831013557300896
way,723617074,fast_food,,McDonald's,-106.53134549987587,31.830637362493217
way,723617075,fast_food,,Carl's Jr.,-106.53069283237872,31.830401063887994
way,723617076,restaurant,,Peter Piper Pizza,-106.52974048250557,31.83135769715614
way,723617079,restaurant,,,-106.52800396013212,31.829775436415037
way,723617080,restaurant,,,-106.52827395328808,31.829970408857392
way,723617082,restaurant,,,-106.52735551232499,31.827916876515054
way,723617084,fast_food,,Subway,-106.52819407405363,31.82772108962683
way,723617085,fast_food,,Taco Cabana,-106.52691261513401,31.82877676982148
way,723617088,restaurant,,Pelican's,-106.52611491808996,31.829648385453496
way,723617092,restaurant,,Charcoaler Drive-In,-106.5247035127128,31.82502535896853
way,727498729,restaurant,,Great American Steakburger,-106.33935218119703,31.773945800355854
way,727498747,fast_food,,Subway,-106.31857927086246,31.77012456424852
way,727498833,restaurant,,Texas Roadhouse,-106.34148352103831,31.75123880601356
way,727506759,fast_food,,McDonald's,-106.39615850000001,31.788916000000004
way,727506781,fuel,,Costco Gasoline,-106.4109598766505,31.782415771350095
way,729127148,fast_food,,Sonic,-106.32141597427939,31.764688179299185
way,734015377,fuel,,Circle K,-106.44028255799682,31.899134225752274
way,734015379,fast_food,,Taco Bell,-106.43989747458875,31.899117388072636
way,734015380,parking,,,-106.43971283936283,31.899157891539677
way,734015381,parking,,,-106.43899195177046,31.899197683770026
way,734015382,restaurant,,Chili's,-106.4388065892898,31.899310657879326
way,734895816,fuel,,,-106.42723600000001,31.783361000000006
way,734895941,fuel,,,-106.4124195,31.776748500000004
way,734896015,fuel,,,-106.43130350000001,31.788689999999995
way,734896087,fast_food,,McDonald's,-106.46190700000001,31.779047
way,734896088,fast_food,,Burger King,-106.46239700000001,31.7789645
way,734907039,restaurant,,Hook & Reel Cajun Seafood & Bar,-106.3086395942061,31.72557565886882
way,734907040,restaurant,,Cheddar's,-106.30797366805706,31.724894483615707
way,734907041,restaurant,,Outback Steakhouse,-106.30912287133725,31.72602465614622
way,734907042,restaurant,,Logan's Roadhouse,-106.30945334429558,31.72656056846392
way,734910474,restaurant,,Denny's,-106.33289344019532,31.7458301712257
way,735005416,restaurant,,Peter Piper Pizza,-106.2730155,31.755758000000004
way,735005429,fast_food,,Sonic,-106.27223805245829,31.758629209969047
way,735005435,restaurant,,IHOP,-106.2714329818358,31.760053441196472
way,735005436,fast_food,,Raising Cane's,-106.2712533789389,31.759475447551086
way,735005437,fast_food,,Taco Bell,-106.27080578942231,31.759835129976576
way,735005453,restaurant,,Don Jose Mexican Grill,-106.27172550642241,31.760406995976265
way,735005547,restaurant,,Pizza Hut,-106.2874335890263,31.743559872396737
way,735005555,restaurant,,El Paso Street Tacos,-106.28828474044606,31.74146932386712
way,735005614,fuel,,,-106.26022339758738,31.768549885770554
way,735005615,fuel,,,-106.25353110631998,31.775698620045066
way,737634110,cinema,,AMC El Paso 16,-106.43734659449062,31.894473923642114
way,738041604,cinema,,El Paso PREMIERE 17 IMAX Bassett Place,-106.41291942976991,31.78372757799007
way,738059295,cinema,,Flix Brewhouse El Paso,-106.58074401191055,31.88828377295754
way,739922871,cinema,,Alamo Drafthouse Montecillo,-106.51066253188272,31.813306427765166
way,740145992,fast_food,,McDonald's,-106.38522674783222,31.777210692375732
way,740502764,cinema,,Cinemark Movie Bistro,-106.54314647821587,31.814091624238557
way,742335696,parking,,,-106.41708788635665,31.90266814314633
way,745359831,fast_food,,Taco Bell,-106.363055,31.765497500000002
way,745900688,fuel,,Alon,-106.39598458231096,31.789499727316837
way,745960296,fast_food,,Wienerschnitzel,-106.40775882585461,31.899899688391315
way,745960407,fast_food,,Dairy Queen,-106.41826150000001,31.902688500000004
way,749084884,fast_food,,McDonald's,-106.37681389814082,31.7704753995978
way,749099732,restaurant,,Lin's Grand Buffet,-106.34359750205908,31.750392395056686
way,749099733,restaurant,,Rudy's Country Store & Bar-B-Q,-106.34412649770151,31.75047766229734
way,749099744,restaurant,,Cuñado's Restaurant,-106.33928112452048,31.747800062580524
way,749099772,fuel,,Speedway,-106.34515710393869,31.753456414804845
way,749099774,restaurant,,Cabo Joe's,-106.34722648324565,31.752731179650542
way,749099775,restaurant,,Applebee's,-106.34639993019263,31.752203359855905
way,753839850,parking,,,-106.45730911203061,31.764827368122848
way,753839852,parking,,,-106.45748159508976,31.76575759333865
way,753839853,parking,,,-106.45803226588515,31.76684500418362
way,753839854,parking,,,-106.4585746510976,31.767038842613484
way,753844375,parking,,,-106.46218312022762,31.764934673398063
way,757071240,fast_food,,Taco Cabana,-106.57305635981076,31.840507895663855
way,776848926,parking,,,-106.61154738063946,31.84728375639828
way,786377469,parking,,,-106.5448040423286,31.81306372193456
way,786377470,parking,,,-106.54576399401034,31.81341797204416
way,786377481,parking,,,-106.54652758869925,31.81424045990431
way,786377486,parking,,,-106.54431129378021,31.81234049144026
way,786377493,parking,,,-106.54362137332153,31.813203414575725
way,786381422,parking,,,-106.54196868977374,31.815157984071266
way,786382183,parking,,,-106.54332360635873,31.817015287889696
way,786395550,parking,,,-106.54539651010315,31.81579802135365
way,786395573,parking,,,-106.5426199069755,31.817343557308103
way,786395579,parking,,,-106.5406990855621,31.815116876857026
way,786423367,parking,,,-106.54694242964494,31.815824448610357
way,786423368,parking,,,-106.54667164673747,31.81647023089516
way,786423369,parking,,,-106.54670106880334,31.816084291436677
way,786423374,parking,,,-106.54626933693622,31.817188850936823
way,786423375,parking,,,-106.54595477271128,31.816634910192306
way,786423380,parking,,,-106.54523539886627,31.817459193171814
way,786423381,parking,,,-106.54563931928107,31.81761612281206
way,786423382,parking,,,-106.5455537609753,31.817039755034727
way,786426971,parking,,,-106.5444898426926,31.817612903832337
way,786426973,parking,,,-106.54402641214456,31.817981746125366
way,786426976,parking,,,-106.54331794812273,31.81787772601478
way,786426977,parking,,,-106.54359071462108,31.818337380507497
way,787406035,parking,,,-106.30208382493473,31.732881139627672
way,787438329,parking,,,-106.46242394108118,31.819510758419508
way,787438330,parking,,,-106.46356664971316,31.81941637635902
way,787438331,parking,,,-106.46369743229579,31.820678634566427
way,787438332,parking,,,-106.46082232950735,31.821182123131372
way,787449395,parking,,,-106.48068423452276,31.778765654879354
way,787833310,parking,,,-106.52448112571768,31.810331488642444
way,787838751,parking,,,-106.5255960177625,31.81103049281498
way,787838757,parking,,,-106.52546370733413,31.811759923880977
way,787838758,parking,,,-106.52613974495311,31.81156197213453
way,787846932,parking,,,-106.52287960000001,31.7936813
way,787846934,parking,,,-106.52279791761441,31.793973765651693
way,788109572,parking,,,-106.58790559492195,31.89749412095214
way,788109576,parking,,,-106.58759287987567,31.89649988932982
way,788109583,parking,,,-106.58532788246342,31.895188224951987
way,788109584,parking,,,-106.58666970268794,31.895152240977744
way,788109585,parking,,,-106.58752334127615,31.89561219215982
way,788114255,parking,,,-106.5889513909655,31.8954825254981
way,788114256,parking,,,-106.58840965612534,31.895074229564216
way,788789168,parking,,,-106.54908983664022,31.816787976343264
way,788789169,parking,,,-106.54895848363634,31.81778969081996
way,788789170,parking,,,-106.54709346112593,31.818154734412943
way,788789174,parking,,,-106.55039130887835,31.817881883576575
way,788789175,parking,,,-106.55028963805829,31.81856018306476
way,788789176,parking,,,-106.549673060161,31.819157636757083
way,788789177,parking,,,-106.54948863663334,31.818929589154457
way,788789178,parking,,,-106.5487921151065,31.81885470509276
way,788799213,parking,,,-106.54817761431077,31.81945893836922
way,788799214,parking,,,-106.54574955954034,31.81952671684506
way,788799215,parking,,,-106.54531272992045,31.81929661425014
way,788799216,parking,,,-106.54467577882055,31.81965025001931
way,788799220,parking,,,-106.54484415577737,31.81883753671224
way,792032455,parking,,,-106.43541250000001,31.858228449999995
way,792032456,parking,,,-106.43573871913394,31.857790607646102
way,792032458,parking,,,-106.43538289815697,31.857886997026984
way,792032462,parking,,,-106.43390507939857,31.858123248067344
way,792032463,parking,,,-106.43250519286117,31.858815389000736
way,792032465,parking,,,-106.43247680362542,31.85833487845238
way,792032467,parking,,,-106.43518076514171,31.858720564652668
way,792410321,parking,,,-106.3980716439838,31.79921749480061
way,793331598,parking,,,-106.5586165659981,31.88643915677235
way,793331599,parking,,,-106.56062517174968,31.887830498100165
way,793331600,parking,,,-106.56012712061909,31.88622311999239
way,793355958,parking,,,-106.50466422721836,31.771727978651548
way,793389753,parking,,Sun Bowl Drive Lot 1 (SB1),-106.50640672455765,31.767457352905204
way,793389760,parking,,,-106.5107572033159,31.782331245896568
way,793389761,parking,,,-106.5099695561033,31.78246187197977
way,793389762,parking,,,-106.50898586235127,31.78290020091841
way,793389765,parking,,,-106.50803046742843,31.78356428004033
way,793665051,parking,,Miner Village Lot- MV,-106.50354313180827,31.77337951067884
way,793665053,parking,,University Lot 4  (UN4),-106.50293891644046,31.77202973032805
way,793665054,parking,,,-106.50343289618976,31.772132416919135
way,793665055,parking,,Miner Village Lot- MV,-106.50288033785876,31.773965675827053
way,793665056,parking,,Randolph Lot 1 (RA1),-106.50445525700782,31.77236607153732
way,793665060,parking,,,-106.5043546621992,31.769807732582716
way,793727015,parking,,,-106.5035814551556,31.77711805416244
way,793727016,parking,,,-106.50394707475664,31.777380497361523
way,794230253,parking,,Glory Road Lot 4 (GR4),-106.50594720545303,31.776273202524838
way,794237434,parking,,Sun Bowl Drive Lot 6 (SB6),-106.50918891869952,31.77336471520913
way,794245905,parking,,Schuster Avenue Lot 3 (SC3),-106.50160461474287,31.765499939130166
way,794278841,parking,,Randolph Lot 1 (RA1),-106.50522669980137,31.773345345115427
way,794278842,parking,,Miner Village Lot- MV,-106.50341086033734,31.774455895921133
way,794278843,parking,,Miner Village Lot- MV,-106.50424441917575,31.774721459741468
way,801828137,fast_food,,McDonald's,-106.42117050770199,31.78319870481304
way,801828138,fast_food,,Carl's Jr.,-106.35446767325277,31.760710012690655
way,801828139,fast_food,,Jack in the Box,-106.35563857569265,31.760529642183915
way,816993860,parking,,,-106.48348008196668,31.756594734857064
way,816993861,parking,,,-106.48468574743524,31.757128501889866
way,816993862,parking,,,-106.48481633583023,31.757539613989135
way,816993870,cafe,,,-106.48543253235057,31.75804053773437
way,816993872,parking,,,-106.485030247538,31.75801608493077
way,816993873,parking,,,-106.48213025856761,31.75873591331924
way,816993874,parking,,,-106.4811044167354,31.75897653359647
way,816993875,parking,,,-106.48121090129452,31.759338404986117
way,818277610,restaurant,,El Taco Tote,-106.58392034828697,31.914720079868083
way,818277614,fast_food,,Panda Express,-106.57793192204907,31.883400035033745
way,818277625,fast_food,,Chick-fil-A,-106.58102668070514,31.885079237595306
way,818277627,fast_food,,Raising Cane's,-106.57965240432429,31.884107922755103
way,818277628,fast_food,,Taco Bell,-106.58042453416286,31.88388604386009
way,818277629,restaurant,,,-106.58092746541281,31.88388978609244
way,818277630,fast_food,,McDonald's,-106.58095176548188,31.884480064271553
way,818277631,fast_food,,Wendy's,-106.57565997298812,31.884660924136327
way,818285896,fast_food,,Jack in the Box,-106.58425590974306,31.88331778767916
way,818285897,restaurant,,Wing Daddy's Express,-106.5839082979665,31.883414358828386
way,819306075,parking,,,-106.34341343807473,31.69738191509864
way,819306079,parking,,,-106.34245222361517,31.696301880776033
way,819306094,parking,,,-106.340323579047,31.698637824212856
way,819306097,parking,,,-106.33986932368231,31.698999752577706
way,819895913,parking,,,-106.33792065081721,31.700119497653912
way,819895914,parking,,,-106.3385456,31.699729649999995
way,819895915,parking,,,-106.33885768928064,31.699897658260777
way,819895916,parking,,,-106.33877626985404,31.701029235900208
way,819895930,parking,,,-106.342432448111,31.69979416201265
way,819895948,parking,,,-106.3420576194784,31.70214186759044
way,819895965,parking,,,-106.34030390767292,31.702801107739266
way,819895976,parking,,,-106.3390128498244,31.689311877497406
way,819895977,parking,,,-106.33885582057484,31.688540617252958
way,819895978,parking,,,-106.33839911627423,31.6896687830235
way,820001966,parking,,,-106.29550347389053,31.694113174219538
way,820001989,parking,,,-106.2977530851725,31.69286485314683
way,820001992,parking,,,-106.29693739637634,31.690652988484068
way,820002014,parking,,,-106.29487095506248,31.69307001296386
way,820062982,parking,,,-106.27029264727041,31.713925770797818
way,820062989,parking,,,-106.26815515268743,31.714903503594638
way,820062990,parking,,,-106.26900473179397,31.716153678547624
way,820062991,parking,,,-106.26995928090642,31.716000841117122
way,820063016,parking,,,-106.27028026137063,31.714990465617955
way,820063018,parking,,,-106.28057132342825,31.713549105943375
way,820063019,parking,,,-106.2799112460736,31.71324094617521
way,820063070,parking,,,-106.25739692400852,31.728148896933764
way,820063071,parking,,,-106.25738967005925,31.729074261136912
way,829522672,parking,,,-106.58374209068289,31.88227641207477
way,829522673,parking,,,-106.58308399838042,31.882521678365613
way,829522674,parking,,,-106.58347377877794,31.881866754330257
way,829522675,parking,,,-106.58258920595766,31.881840945102606
way,829522676,restaurant,,Don Carbon,-106.58283459999998,31.88184825
way,829522680,parking,,,-106.58280755883034,31.881484031504986
way,829522681,parking,,,-106.58291128952719,31.880795328958232
way,829522682,parking,,,-106.5823142255261,31.880796029201047
way,829522683,parking,,,-106.58260435000001,31.8807333
way,829522684,parking,,,-106.5824685341396,31.880190317323713
way,829522685,parking,,,-106.58237531224205,31.879983195131313
way,829522686,parking,,,-106.58218627453023,31.879789977742313
way,829946741,fuel,,Alon,-106.32308425000001,31.798839799999996
way,831558520,fuel,,Speedway,-106.39181657572634,31.778969995895455
way,831558521,fast_food,,Subway,-106.39256105492652,31.777416826290853
way,837431880,parking,,,-106.47913200483347,31.759485789756216
way,846921091,fast_food,,Whataburger,-106.39498436982579,31.785699942783328
way,846921103,fast_food,,Chick-fil-A,-106.39488832038103,31.785254714671193
way,859956800,parking,,,-106.5738617841008,31.904252921433038
way,859956811,parking,,,-106.57215952888775,31.904435233102905
way,859956812,parking,,,-106.57327684777378,31.903322192350572
way,859956830,parking,,,-106.57457503235865,31.90071974430635
way,859956831,parking,,,-106.5743411902288,31.90226628255777
way,865484194,parking,,,-106.54322980406988,31.821002136145168
way,865484195,parking,,,-106.54132113483358,31.820402393915323
way,865484196,parking,,,-106.54350302674497,31.81983640786098
way,865484197,parking,,,-106.54300023206318,31.81944226464529
way,865484198,parking,,,-106.54239667127517,31.819787272528288
way,866430387,parking,,,-106.40634754024566,31.78908724656669
way,888251033,parking,,,-106.57687739390406,31.83057154530081
way,888255801,parking,,,-106.52381083183487,31.856729810826405
way,888267349,parking,,,-106.5599912714953,31.81926049765559
way,888267467,parking,,,-106.53749961068165,31.80801587360655
way,905705676,parking,,,-106.48359546590238,31.755655912825592
way,905705677,parking,,,-106.48326161179381,31.756062234380337
way,905711439,parking,,,-106.48042078129659,31.753988701342006
way,905711440,parking,,,-106.47968284733767,31.75364973886588
way,905711489,parking,,,-106.48591483024477,31.7561240780934
way,905711490,parking,,,-106.48571731023041,31.755234357720447
way,905711491,parking,,,-106.47993457012255,31.754473397035
way,905711492,parking,,,-106.47982498802637,31.754111039474182
way,905711493,parking,,,-106.47945242210665,31.750884682544566
way,905711494,parking,,,-106.48387638298088,31.74984196083215
way,905711495,parking,,,-106.47808062981373,31.75706771505497
way,905711496,parking,,,-106.4772991203759,31.757184748794206
way,905711497,parking,,,-106.4778900996773,31.755749484830933
way,905711498,parking,,,-106.47881813627099,31.755226524798292
way,905711523,parking,,,-106.48280175463078,31.751047510356546
way,905711524,parking,,,-106.48434069530845,31.750975429771476
way,905711525,parking,,,-106.48432249999998,31.75058125
way,905711526,parking,,,-106.4841540494546,31.750322389123994
way,905725143,parking,,,-106.47937535,31.7597783
way,905725147,parking,,,-106.47981606811403,31.75833526981881
way,905725148,parking,,,-106.47973277128825,31.7580303189362
way,905725157,parking,,,-106.47957798034518,31.751368452051402
way,905725158,parking,,,-106.48314822958027,31.75421770352381
way,905725159,parking,,,-106.48401530000001,31.754964400000002
way,905725161,parking,,,-106.48592035,31.7540462
way,905725185,parking,,,-106.47707820186339,31.754227040325095
way,905725186,parking,,,-106.47507704905105,31.757629582371873
way,905725187,parking,,,-106.4770090105389,31.75571714325067
way,905726727,parking,,,-106.47982470000001,31.759183950000004
way,905731167,parking,,,-106.398697237292,31.794751875362632
way,905731601,parking,,,-106.37633609682392,31.79414637503722
way,905731602,parking,,,-106.37710412759114,31.79404660463118
way,905731604,parking,,,-106.37930532945353,31.79242915161444
way,905731605,parking,,,-106.38056725000001,31.792403000000004
way,905731606,parking,,,-106.38275421296677,31.791923072374562
way,905755735,parking,,,-106.39905581374002,31.79789820538849
way,905755736,parking,,,-106.39754664223875,31.792945701187506
way,905764701,parking,,,-106.39922359414119,31.790875512248277
way,905764702,parking,,,-106.40062052846709,31.790556218184197
way,905764703,parking,,,-106.40131225411501,31.79247681706485
way,905764704,parking,,,-106.4010537064934,31.793026579649226
way,905764705,parking,,,-106.39999232470122,31.792080534118075
way,905764706,parking,,,-106.39973795,31.791976400000006
way,905764707,parking,,,-106.4002401092015,31.791970024485753
way,905764708,parking,,,-106.38647546479862,31.79157523785583
way,905764709,parking,,,-106.38591386814717,31.79146187716535
way,905764710,parking,,,-106.38620289282939,31.792271848488213
way,905764711,parking,,,-106.38757796837832,31.792008324533484
way,905764712,parking,,,-106.38284262213524,31.792606066136756
way,905766176,parking,,,-106.37816713975448,31.791180712557335
way,905766177,parking,,,-106.37782895265559,31.794261762667762
way,905766178,parking,,,-106.37666789999686,31.793594784064172
way,905766179,parking,,,-106.37629302992333,31.79337554795028
way,905766180,parking,,,-106.38440467037775,31.792472329972714
way,905766181,parking,,,-106.38687007794245,31.791322651691182
way,905766182,parking,,,-106.38695670282797,31.791683055806377
way,905768241,parking,,,-106.52446042477797,31.81859059893106
way,905768242,parking,,,-106.52251145,31.8142331
way,905768243,parking,,,-106.52428930525924,31.815014743392364
way,905768244,parking,,,-106.52339169578171,31.81576862401989
way,907937294,parking,,,-106.46556712647582,31.791718729604675
way,920938845,parking,,,-106.47475655384252,31.752300578805787
way,920939203,parking,,,-106.47469321471827,31.752101359594754
way,920940281,parking,,,-106.48170105901738,31.754594384226987
way,920940783,parking,,,-106.48532280167802,31.754138745790158
way,920942377,parking,,,-106.48603179512672,31.754364367071236
way,929529842,restaurant,,Peter Piper Pizza,-106.4367904506481,31.926234445501585
way,929529848,ice_cream,,Bahama Buck's,-106.43735694580401,31.926196770709286
way,929529849,fast_food,,Chipotle,-106.4390093464057,31.92467790937761
way,929529854,ice_cream,,Menchie's,-106.44001597513856,31.92455451883711
way,929529857,restaurant,,Chase The Taste,-106.4401921519042,31.924854369881196
way,929529859,fast_food,,Panda Express,-106.44063161773691,31.924268298715447
way,929529860,fast_food,,Wendy's,-106.43829378687137,31.925037423757633
way,929529861,cafe,,Starbucks,-106.44064422322934,31.924794430129197
way,929529865,fast_food,,Chick-fil-A,-106.43998747086891,31.923990305153897
way,929531941,fuel,,Circle K,-106.38837337517543,31.9288702018695
way,940866070,parking,,,-106.55873029815635,31.86310316694975
way,946498489,parking,,,-106.49534903402876,31.76907233595975
way,946498731,parking,,,-106.49530910453639,31.768921909970466
way,946499163,parking,,,-106.49544896058657,31.768536553856304
way,946500904,parking,,,-106.49603841664961,31.767706112112045
way,946506548,parking,,,-106.49601845407423,31.768373486348285
way,946507260,parking,,,-106.49895203658087,31.768751416390394
way,946508423,parking,,,-106.49514363367896,31.766781775584487
way,946510629,parking,,,-106.49503440909172,31.766530715171616
way,946514175,parking,,,-106.49410590898108,31.766360996852594
way,946514981,parking,,,-106.49071508586037,31.76480067575224
way,946515109,parking,,,-106.48951299751307,31.76478825311677
way,946515341,parking,,,-106.48925868158783,31.764655239570203
way,946515721,parking,,,-106.48922151289193,31.76524342756571
way,946516569,parking,,,-106.4907218813355,31.763915710705007
way,946516718,parking,,,-106.49111440779615,31.76373706937193
way,946516771,parking,,,-106.49168338706035,31.763527861990102
way,946516957,parking,,,-106.4915705379755,31.763378655551612
way,946517371,parking,,,-106.49156208075902,31.762636860734005
way,946517587,parking,,,-106.49229783729811,31.762107931696022
way,946517838,parking,,,-106.49214873907563,31.7650609446763
way,946519045,parking,,,-106.49244023847656,31.765265810621187
way,946519817,parking,,,-106.49060136361368,31.770711412634274
way,946519915,parking,,,-106.4888284290653,31.7709276602859
way,946520285,parking,,,-106.48890738902512,31.77049743300426
way,946520495,parking,,,-106.48810003523587,31.77017048870696
way,946520885,parking,,,-106.49656697463897,31.770341279691944
way,946521183,parking,,,-106.49681138715529,31.770246605218844
way,946521314,parking,,,-106.49617351524851,31.769896642909995
way,946521349,parking,,,-106.49600240153575,31.769695693245705
way,946521485,parking,,,-106.49660384831532,31.76902697200325
way,956118718,parking,,,-106.584723435881,31.90919661239155
way,956118719,parking,,,-106.5846307159819,31.909584512731143
way,956118720,parking,,,-106.58415530000002,31.90965665000001
way,961113889,fast_food,,Popeyes,-106.58677657873987,31.907191633604302
way,962102689,parking,,,-106.43502380261178,31.771077203653494
way,966057907,parking,,,-106.4816742361594,31.76068375781538
way,966057908,parking,,,-106.48308739882452,31.760653983083856
way,966057909,parking,,,-106.48226034975723,31.76113178325833
way,966057910,parking,,,-106.48253296691259,31.761503096344157
way,966057911,parking,,,-106.48290621556015,31.761264593222798
way,966058049,parking,,,-106.48038634690356,31.760637483096307
way,973271904,fuel,,Speedway,-106.35551006524855,31.76000438478343
way,973274295,fuel,,Speedway,-106.3928042,31.777664000000005
way,973274296,fuel,,Speedway,-106.3924384,31.77783955
way,973313842,parking,,,-106.56816624793673,31.878475067624954
way,973313843,parking,,,-106.56801310497706,31.879472674283
way,981070587,parking,,,-106.45796044750358,31.823665750023377
way,990196474,bar,,Last Round-Up Bar,-106.325372881798,31.99945789616973
way,990200400,fuel,,Sam's Club,-106.43971190353574,31.88229542815269
way,990205258,fast_food,,Arby's,-106.41861384188485,31.88498490175825
way,990205259,fast_food,,Long John Silver's,-106.41897347683197,31.884586897026963
way,990205260,restaurant,,Denny's,-106.41915984296394,31.884084351447516
way,990205261,ice_cream,,Baskin-Robbins,-106.41839716654219,31.884034247323036
way,990205264,fuel,,Shell,-106.4174062,31.886602250000003
way,990205269,fuel,,Valero,-106.40894261845138,31.899770957755923
way,990210984,fast_food,,McDonald's,-106.43797937220316,31.899198529966345
way,990210987,fuel,,Circle K,-106.44014182460967,31.89799644664091
way,990210992,restaurant,,Cicis,-106.4360208,31.89695845
way,990210994,restaurant,,Golden Corral,-106.43644176056242,31.897218850420074
way,990210996,fast_food,,Tacotote,-106.43584701601658,31.896480877905322
way,990210998,restaurant,,Denny's,-106.43509200807591,31.897950943026146
way,990210999,restaurant,,Applebee's,-106.4345156917408,31.89793948002829
way,990211000,restaurant,,The Shack Wings & Brews,-106.43375493554272,31.89796794689608
way,990217001,fuel,,Circle K,-106.43931920037652,31.921796157869238
way,990683145,fast_food,,Carl's Jr.,-106.4071183255687,31.938726153611967
way,990683146,fast_food,,Taco Bell,-106.4071107966279,31.938368778500365
way,990683148,fast_food,,Church's Chicken,-106.40882284999999,31.93832285
way,990683149,fast_food,,Subway,-106.4082803241123,31.938035885872655
way,990706513,fuel,,Alon,-106.44068952441411,31.913094347531818
way,990962720,car_wash,,Circle K,-106.59666519999999,31.886622399999993
way,990962721,fuel,,Circle K,-106.5965517,31.886296799999997
way,992323337,fuel,,Murphy USA,-106.34255757170436,31.751956769360696
way,993169856,fuel,,Rudy's,-106.58311208185317,31.883640771669075
way,993751831,car_rental,,Enterprise,-106.41942292769009,31.783264279553602
way,993759573,fast_food,,Blake's Lotaburger,-106.37636164438248,31.770259964058997
way,994032086,fuel,,Alon,-106.33600927133313,31.785281606217122
way,994032087,fast_food,,Frisco Burger,-106.3355790049795,31.78579265999433
way,994053270,fuel,,Chevron,-106.34820787552421,31.796428707252698
way,994053271,fast_food,,Dairy Queen,-106.3500039587794,31.796329276760172
way,994053272,car_wash,,Circle K,-106.34809021724679,31.79530667193271
way,994053273,fuel,,Circle K,-106.3471722889794,31.795574489506045
way,1013619117,restaurant,,Peter Piper Pizza,-106.3174349841319,31.76761791072499
way,1013619120,fast_food,,Popeyes,-106.33801031103869,31.7717128563713
way,1013619122,fast_food,,Domino's,-106.34856063410285,31.771947382583324
way,1013619124,fuel,,Circle K,-106.34918761252621,31.77073872294215
way,1013619125,fast_food,,Papa Eric's,-106.34847952512023,31.76996200658673
way,1013619126,fast_food,,The Sandwich Shop,-106.34796408349463,31.77003430944296
way,1013620241,restaurant,,Kee's Teriyaki & Sushi,-106.28646124970882,31.766843549126513
way,1013620243,restaurant,,Wing Daddy's,-106.2724551875251,31.76118030850951
way,1013620244,restaurant,,Flores Meat Market & Restaurant,-106.27670426583232,31.7540331366294
way,1013620821,ice_cream,,Bahama Bucks,-106.27989397814927,31.749910315709176
way,1013620822,restaurant,,Red Wasabi,-106.27999966675335,31.749980886752617
way,1013623671,restaurant,,Urban Gyros,-106.28727112272243,31.742443112963976
way,1014212903,parking,,,-106.37530572708567,31.75595889048372
way,1015065209,restaurant,,Boston Pizza,-106.52359952735385,31.809043740008182
way,1015737767,parking,,,-106.25863394390474,31.7932069866404
way,1015747792,parking,,,-106.25644304457312,31.793690854151045
relation,3350830,parking,,,-106.4561662059754,31.767789097996236
relation,3783636,parking,,,-106.40395448919519,31.936462209776966
relation,5313128,parking,,,-106.42973374614648,31.77293197567607
relation,5456359,parking,,,-106.51424767809567,31.813765794110466
relation,7763934,parking,,,-106.40034712649003,31.816564709703957
relation,8050429,parking,,,-106.39441247344709,31.792973473093895
relation,8608445,parking,,,-106.31845005667618,31.76554289482568
relation,11763206,parking,,,-106.41156461550005,31.865676425843272
relation,12689183,parking,,,-106.55873730194268,31.862236136783427
relation,13599528,parking,,,-106.25640771244942,31.793028921393322
