<PAMDataset>
  <PAMRasterBand band="1">
    <Description>Layer_1</Description>
    <GDALRasterAttributeTable Row0Min="0" BinSize="1">
      <FieldDefn index="0">
        <Name>Red</Name>
        <Type>0</Type>
        <Usage>6</Usage>
      </FieldDefn>
      <FieldDefn index="1">
        <Name>Green</Name>
        <Type>0</Type>
        <Usage>7</Usage>
      </FieldDefn>
      <FieldDefn index="2">
        <Name>Blue</Name>
        <Type>0</Type>
        <Usage>8</Usage>
      </FieldDefn>
      <FieldDefn index="3">
        <Name>Opacity</Name>
        <Type>0</Type>
        <Usage>9</Usage>
      </FieldDefn>
      <FieldDefn index="4">
        <Name>Count</Name>
        <Type>0</Type>
        <Usage>0</Usage>
      </FieldDefn>
      <Row index="0">
        <F>0</F>
        <F>0</F>
        <F>0</F>
        <F>255</F>
        <F>2305339</F>
      </Row>
      <Row index="1">
        <F>209</F>
        <F>209</F>
        <F>209</F>
        <F>255</F>
        <F>121708</F>
      </Row>
      <Row index="2">
        <F>210</F>
        <F>204</F>
        <F>204</F>
        <F>255</F>
        <F>16633</F>
      </Row>
      <Row index="3">
        <F>210</F>
        <F>204</F>
        <F>204</F>
        <F>255</F>
        <F>11879</F>
      </Row>
      <Row index="4">
        <F>210</F>
        <F>197</F>
        <F>197</F>
        <F>255</F>
        <F>10199</F>
      </Row>
      <Row index="5">
        <F>210</F>
        <F>197</F>
        <F>197</F>
        <F>255</F>
        <F>8078</F>
      </Row>
      <Row index="6">
        <F>210</F>
        <F>193</F>
        <F>193</F>
        <F>255</F>
        <F>6225</F>
      </Row>
      <Row index="7">
        <F>210</F>
        <F>193</F>
        <F>193</F>
        <F>255</F>
        <F>5113</F>
      </Row>
      <Row index="8">
        <F>210</F>
        <F>193</F>
        <F>193</F>
        <F>255</F>
        <F>4267</F>
      </Row>
      <Row index="9">
        <F>210</F>
        <F>184</F>
        <F>184</F>
        <F>255</F>
        <F>3819</F>
      </Row>
      <Row index="10">
        <F>210</F>
        <F>184</F>
        <F>184</F>
        <F>255</F>
        <F>3696</F>
      </Row>
      <Row index="11">
        <F>210</F>
        <F>184</F>
        <F>184</F>
        <F>255</F>
        <F>3578</F>
      </Row>
      <Row index="12">
        <F>210</F>
        <F>184</F>
        <F>184</F>
        <F>255</F>
        <F>3462</F>
      </Row>
      <Row index="13">
        <F>210</F>
        <F>181</F>
        <F>181</F>
        <F>255</F>
        <F>3493</F>
      </Row>
      <Row index="14">
        <F>210</F>
        <F>172</F>
        <F>172</F>
        <F>255</F>
        <F>3460</F>
      </Row>
      <Row index="15">
        <F>210</F>
        <F>172</F>
        <F>172</F>
        <F>255</F>
        <F>3484</F>
      </Row>
      <Row index="16">
        <F>210</F>
        <F>172</F>
        <F>172</F>
        <F>255</F>
        <F>3612</F>
      </Row>
      <Row index="17">
        <F>210</F>
        <F>172</F>
        <F>172</F>
        <F>255</F>
        <F>3668</F>
      </Row>
      <Row index="18">
        <F>210</F>
        <F>170</F>
        <F>170</F>
        <F>255</F>
        <F>3635</F>
      </Row>
      <Row index="19">
        <F>210</F>
        <F>170</F>
        <F>170</F>
        <F>255</F>
        <F>4206</F>
      </Row>
      <Row index="20">
        <F>219</F>
        <F>168</F>
        <F>168</F>
        <F>255</F>
        <F>4033</F>
      </Row>
      <Row index="21">
        <F>219</F>
        <F>159</F>
        <F>159</F>
        <F>255</F>
        <F>4107</F>
      </Row>
      <Row index="22">
        <F>219</F>
        <F>159</F>
        <F>159</F>
        <F>255</F>
        <F>4178</F>
      </Row>
      <Row index="23">
        <F>219</F>
        <F>159</F>
        <F>159</F>
        <F>255</F>
        <F>3907</F>
      </Row>
      <Row index="24">
        <F>219</F>
        <F>158</F>
        <F>158</F>
        <F>255</F>
        <F>4080</F>
      </Row>
      <Row index="25">
        <F>219</F>
        <F>155</F>
        <F>155</F>
        <F>255</F>
        <F>4181</F>
      </Row>
      <Row index="26">
        <F>219</F>
        <F>155</F>
        <F>155</F>
        <F>255</F>
        <F>4197</F>
      </Row>
      <Row index="27">
        <F>221</F>
        <F>153</F>
        <F>153</F>
        <F>255</F>
        <F>4525</F>
      </Row>
      <Row index="28">
        <F>221</F>
        <F>146</F>
        <F>146</F>
        <F>255</F>
        <F>4625</F>
      </Row>
      <Row index="29">
        <F>221</F>
        <F>146</F>
        <F>146</F>
        <F>255</F>
        <F>4728</F>
      </Row>
      <Row index="30">
        <F>221</F>
        <F>146</F>
        <F>146</F>
        <F>255</F>
        <F>4665</F>
      </Row>
      <Row index="31">
        <F>223</F>
        <F>145</F>
        <F>145</F>
        <F>255</F>
        <F>4763</F>
      </Row>
      <Row index="32">
        <F>223</F>
        <F>133</F>
        <F>133</F>
        <F>255</F>
        <F>4906</F>
      </Row>
      <Row index="33">
        <F>223</F>
        <F>133</F>
        <F>133</F>
        <F>255</F>
        <F>4834</F>
      </Row>
      <Row index="34">
        <F>223</F>
        <F>133</F>
        <F>133</F>
        <F>255</F>
        <F>4962</F>
      </Row>
      <Row index="35">
        <F>223</F>
        <F>133</F>
        <F>133</F>
        <F>255</F>
        <F>5047</F>
      </Row>
      <Row index="36">
        <F>223</F>
        <F>130</F>
        <F>130</F>
        <F>255</F>
        <F>4954</F>
      </Row>
      <Row index="37">
        <F>223</F>
        <F>130</F>
        <F>130</F>
        <F>255</F>
        <F>5113</F>
      </Row>
      <Row index="38">
        <F>223</F>
        <F>130</F>
        <F>130</F>
        <F>255</F>
        <F>5208</F>
      </Row>
      <Row index="39">
        <F>223</F>
        <F>121</F>
        <F>121</F>
        <F>255</F>
        <F>5238</F>
      </Row>
      <Row index="40">
        <F>223</F>
        <F>121</F>
        <F>121</F>
        <F>255</F>
        <F>5546</F>
      </Row>
      <Row index="41">
        <F>223</F>
        <F>119</F>
        <F>119</F>
        <F>255</F>
        <F>5864</F>
      </Row>
      <Row index="42">
        <F>223</F>
        <F>119</F>
        <F>119</F>
        <F>255</F>
        <F>6284</F>
      </Row>
      <Row index="43">
        <F>223</F>
        <F>117</F>
        <F>117</F>
        <F>255</F>
        <F>6637</F>
      </Row>
      <Row index="44">
        <F>223</F>
        <F>117</F>
        <F>117</F>
        <F>255</F>
        <F>6798</F>
      </Row>
      <Row index="45">
        <F>223</F>
        <F>108</F>
        <F>108</F>
        <F>255</F>
        <F>7231</F>
      </Row>
      <Row index="46">
        <F>223</F>
        <F>108</F>
        <F>108</F>
        <F>255</F>
        <F>7414</F>
      </Row>
      <Row index="47">
        <F>223</F>
        <F>108</F>
        <F>108</F>
        <F>255</F>
        <F>7869</F>
      </Row>
      <Row index="48">
        <F>223</F>
        <F>108</F>
        <F>108</F>
        <F>255</F>
        <F>7969</F>
      </Row>
      <Row index="49">
        <F>232</F>
        <F>107</F>
        <F>107</F>
        <F>255</F>
        <F>8597</F>
      </Row>
      <Row index="50">
        <F>232</F>
        <F>104</F>
        <F>104</F>
        <F>255</F>
        <F>8892</F>
      </Row>
      <Row index="51">
        <F>232</F>
        <F>102</F>
        <F>102</F>
        <F>255</F>
        <F>9106</F>
      </Row>
      <Row index="52">
        <F>232</F>
        <F>95</F>
        <F>95</F>
        <F>255</F>
        <F>9497</F>
      </Row>
      <Row index="53">
        <F>232</F>
        <F>95</F>
        <F>95</F>
        <F>255</F>
        <F>9772</F>
      </Row>
      <Row index="54">
        <F>234</F>
        <F>95</F>
        <F>95</F>
        <F>255</F>
        <F>9650</F>
      </Row>
      <Row index="55">
        <F>234</F>
        <F>91</F>
        <F>91</F>
        <F>255</F>
        <F>9947</F>
      </Row>
      <Row index="56">
        <F>234</F>
        <F>91</F>
        <F>91</F>
        <F>255</F>
        <F>9866</F>
      </Row>
      <Row index="57">
        <F>234</F>
        <F>82</F>
        <F>82</F>
        <F>255</F>
        <F>9993</F>
      </Row>
      <Row index="58">
        <F>234</F>
        <F>82</F>
        <F>82</F>
        <F>255</F>
        <F>9922</F>
      </Row>
      <Row index="59">
        <F>234</F>
        <F>82</F>
        <F>82</F>
        <F>255</F>
        <F>9760</F>
      </Row>
      <Row index="60">
        <F>234</F>
        <F>81</F>
        <F>81</F>
        <F>255</F>
        <F>9742</F>
      </Row>
      <Row index="61">
        <F>235</F>
        <F>81</F>
        <F>81</F>
        <F>255</F>
        <F>9414</F>
      </Row>
      <Row index="62">
        <F>235</F>
        <F>79</F>
        <F>79</F>
        <F>255</F>
        <F>9291</F>
      </Row>
      <Row index="63">
        <F>235</F>
        <F>70</F>
        <F>70</F>
        <F>255</F>
        <F>9030</F>
      </Row>
      <Row index="64">
        <F>235</F>
        <F>70</F>
        <F>70</F>
        <F>255</F>
        <F>8696</F>
      </Row>
      <Row index="65">
        <F>235</F>
        <F>70</F>
        <F>70</F>
        <F>255</F>
        <F>8308</F>
      </Row>
      <Row index="66">
        <F>235</F>
        <F>68</F>
        <F>68</F>
        <F>255</F>
        <F>7930</F>
      </Row>
      <Row index="67">
        <F>235</F>
        <F>68</F>
        <F>68</F>
        <F>255</F>
        <F>7644</F>
      </Row>
      <Row index="68">
        <F>235</F>
        <F>57</F>
        <F>57</F>
        <F>255</F>
        <F>7170</F>
      </Row>
      <Row index="69">
        <F>235</F>
        <F>57</F>
        <F>57</F>
        <F>255</F>
        <F>6946</F>
      </Row>
      <Row index="70">
        <F>235</F>
        <F>57</F>
        <F>57</F>
        <F>255</F>
        <F>6546</F>
      </Row>
      <Row index="71">
        <F>235</F>
        <F>57</F>
        <F>57</F>
        <F>255</F>
        <F>6548</F>
      </Row>
      <Row index="72">
        <F>235</F>
        <F>57</F>
        <F>57</F>
        <F>255</F>
        <F>6482</F>
      </Row>
      <Row index="73">
        <F>235</F>
        <F>56</F>
        <F>56</F>
        <F>255</F>
        <F>6357</F>
      </Row>
      <Row index="74">
        <F>235</F>
        <F>51</F>
        <F>51</F>
        <F>255</F>
        <F>6352</F>
      </Row>
      <Row index="75">
        <F>235</F>
        <F>51</F>
        <F>51</F>
        <F>255</F>
        <F>6090</F>
      </Row>
      <Row index="76">
        <F>235</F>
        <F>51</F>
        <F>51</F>
        <F>255</F>
        <F>6106</F>
      </Row>
      <Row index="77">
        <F>235</F>
        <F>44</F>
        <F>44</F>
        <F>255</F>
        <F>5949</F>
      </Row>
      <Row index="78">
        <F>235</F>
        <F>43</F>
        <F>43</F>
        <F>255</F>
        <F>6270</F>
      </Row>
      <Row index="79">
        <F>235</F>
        <F>40</F>
        <F>40</F>
        <F>255</F>
        <F>5766</F>
      </Row>
      <Row index="80">
        <F>235</F>
        <F>130</F>
        <F>235</F>
        <F>255</F>
        <F>6015</F>
      </Row>
      <Row index="81">
        <F>234</F>
        <F>121</F>
        <F>235</F>
        <F>255</F>
        <F>6285</F>
      </Row>
      <Row index="82">
        <F>223</F>
        <F>119</F>
        <F>235</F>
        <F>255</F>
        <F>6029</F>
      </Row>
      <Row index="83">
        <F>223</F>
        <F>108</F>
        <F>235</F>
        <F>255</F>
        <F>6171</F>
      </Row>
      <Row index="84">
        <F>221</F>
        <F>108</F>
        <F>235</F>
        <F>255</F>
        <F>6401</F>
      </Row>
      <Row index="85">
        <F>210</F>
        <F>104</F>
        <F>235</F>
        <F>255</F>
        <F>6274</F>
      </Row>
      <Row index="86">
        <F>210</F>
        <F>95</F>
        <F>235</F>
        <F>255</F>
        <F>6443</F>
      </Row>
      <Row index="87">
        <F>209</F>
        <F>94</F>
        <F>235</F>
        <F>255</F>
        <F>6363</F>
      </Row>
      <Row index="88">
        <F>204</F>
        <F>82</F>
        <F>235</F>
        <F>255</F>
        <F>6160</F>
      </Row>
      <Row index="89">
        <F>197</F>
        <F>82</F>
        <F>235</F>
        <F>255</F>
        <F>6012</F>
      </Row>
      <Row index="90">
        <F>197</F>
        <F>79</F>
        <F>235</F>
        <F>255</F>
        <F>6071</F>
      </Row>
      <Row index="91">
        <F>193</F>
        <F>70</F>
        <F>235</F>
        <F>255</F>
        <F>5864</F>
      </Row>
      <Row index="92">
        <F>184</F>
        <F>68</F>
        <F>235</F>
        <F>255</F>
        <F>5462</F>
      </Row>
      <Row index="93">
        <F>184</F>
        <F>57</F>
        <F>235</F>
        <F>255</F>
        <F>5054</F>
      </Row>
      <Row index="94">
        <F>181</F>
        <F>57</F>
        <F>235</F>
        <F>255</F>
        <F>4083</F>
      </Row>
      <Row index="95">
        <F>172</F>
        <F>56</F>
        <F>235</F>
        <F>255</F>
        <F>3565</F>
      </Row>
      <Row index="96">
        <F>172</F>
        <F>51</F>
        <F>235</F>
        <F>255</F>
        <F>2725</F>
      </Row>
      <Row index="97">
        <F>170</F>
        <F>43</F>
        <F>235</F>
        <F>255</F>
        <F>2259</F>
      </Row>
      <Row index="98">
        <F>159</F>
        <F>40</F>
        <F>235</F>
        <F>255</F>
        <F>1746</F>
      </Row>
      <Row index="99">
        <F>159</F>
        <F>31</F>
        <F>235</F>
        <F>255</F>
        <F>1387</F>
      </Row>
      <Row index="100">
        <F>158</F>
        <F>31</F>
        <F>235</F>
        <F>255</F>
        <F>2816</F>
      </Row>
      <Row index="101">
        <F>0</F>
        <F>0</F>
        <F>0</F>
        <F>0</F>
        <F>0</F>
      </Row>
      <Row index="102">
        <F>102</F>
        <F>102</F>
        <F>102</F>
        <F>255</F>
        <F>0</F>
      </Row>
      <Row index="103">
        <F>103</F>
        <F>103</F>
        <F>103</F>
        <F>255</F>
        <F>0</F>
      </Row>
      <Row index="104">
        <F>104</F>
        <F>104</F>
        <F>104</F>
        <F>255</F>
        <F>0</F>
      </Row>
      <Row index="105">
        <F>105</F>
        <F>105</F>
        <F>105</F>
        <F>255</F>
        <F>0</F>
      </Row>
      <Row index="106">
        <F>106</F>
        <F>106</F>
        <F>106</F>
        <F>255</F>
        <F>0</F>
      </Row>
      <Row index="107">
        <F>107</F>
        <F>107</F>
        <F>107</F>
        <F>255</F>
        <F>0</F>
      </Row>
      <Row index="108">
        <F>108</F>
        <F>108</F>
        <F>108</F>
        <F>255</F>
        <F>0</F>
      </Row>
      <Row index="109">
        <F>108</F>
        <F>108</F>
        <F>108</F>
        <F>255</F>
        <F>0</F>
      </Row>
      <Row index="110">
        <F>108</F>
        <F>108</F>
        <F>108</F>
        <F>255</F>
        <F>0</F>
      </Row>
      <Row index="111">
        <F>108</F>
        <F>108</F>
        <F>108</F>
        <F>255</F>
        <F>0</F>
      </Row>
      <Row index="112">
        <F>108</F>
        <F>108</F>
        <F>108</F>
        <F>255</F>
        <F>0</F>
      </Row>
      <Row index="113">
        <F>108</F>
        <F>108</F>
        <F>108</F>
        <F>255</F>
        <F>0</F>
      </Row>
      <Row index="114">
        <F>108</F>
        <F>108</F>
        <F>108</F>
        <F>255</F>
        <F>0</F>
      </Row>
      <Row index="115">
        <F>115</F>
        <F>115</F>
        <F>115</F>
        <F>255</F>
        <F>0</F>
      </Row>
      <Row index="116">
        <F>116</F>
        <F>116</F>
        <F>116</F>
        <F>255</F>
        <F>0</F>
      </Row>
      <Row index="117">
        <F>117</F>
        <F>117</F>
        <F>117</F>
        <F>255</F>
        <F>0</F>
      </Row>
      <Row index="118">
        <F>118</F>
        <F>118</F>
        <F>118</F>
        <F>255</F>
        <F>0</F>
      </Row>
      <Row index="119">
        <F>119</F>
        <F>119</F>
        <F>119</F>
        <F>255</F>
        <F>0</F>
      </Row>
      <Row index="120">
        <F>120</F>
        <F>120</F>
        <F>120</F>
        <F>255</F>
        <F>0</F>
      </Row>
      <Row index="121">
        <F>121</F>
        <F>121</F>
        <F>121</F>
        <F>255</F>
        <F>0</F>
      </Row>
      <Row index="122">
        <F>121</F>
        <F>121</F>
        <F>121</F>
        <F>255</F>
        <F>0</F>
      </Row>
      <Row index="123">
        <F>121</F>
        <F>121</F>
        <F>121</F>
        <F>255</F>
        <F>0</F>
      </Row>
      <Row index="124">
        <F>121</F>
        <F>121</F>
        <F>121</F>
        <F>255</F>
        <F>0</F>
      </Row>
      <Row index="125">
        <F>121</F>
        <F>121</F>
        <F>121</F>
        <F>255</F>
        <F>0</F>
      </Row>
      <Row index="126">
        <F>121</F>
        <F>121</F>
        <F>121</F>
        <F>255</F>
        <F>0</F>
      </Row>
      <Row index="127">
        <F>121</F>
        <F>121</F>
        <F>121</F>
        <F>255</F>
        <F>1201445</F>
      </Row>
      <Row index="128">
        <F>128</F>
        <F>128</F>
        <F>128</F>
        <F>255</F>
        <F>0</F>
      </Row>
      <Row index="129">
        <F>129</F>
        <F>129</F>
        <F>129</F>
        <F>255</F>
        <F>0</F>
      </Row>
      <Row index="130">
        <F>130</F>
        <F>130</F>
        <F>130</F>
        <F>255</F>
        <F>0</F>
      </Row>
      <Row index="131">
        <F>131</F>
        <F>131</F>
        <F>131</F>
        <F>255</F>
        <F>0</F>
      </Row>
      <Row index="132">
        <F>132</F>
        <F>132</F>
        <F>132</F>
        <F>255</F>
        <F>0</F>
      </Row>
      <Row index="133">
        <F>133</F>
        <F>133</F>
        <F>133</F>
        <F>255</F>
        <F>0</F>
      </Row>
      <Row index="134">
        <F>134</F>
        <F>134</F>
        <F>134</F>
        <F>255</F>
        <F>0</F>
      </Row>
      <Row index="135">
        <F>135</F>
        <F>135</F>
        <F>135</F>
        <F>255</F>
        <F>0</F>
      </Row>
      <Row index="136">
        <F>136</F>
        <F>136</F>
        <F>136</F>
        <F>255</F>
        <F>0</F>
      </Row>
      <Row index="137">
        <F>137</F>
        <F>137</F>
        <F>137</F>
        <F>255</F>
        <F>0</F>
      </Row>
      <Row index="138">
        <F>138</F>
        <F>138</F>
        <F>138</F>
        <F>255</F>
        <F>0</F>
      </Row>
      <Row index="139">
        <F>139</F>
        <F>139</F>
        <F>139</F>
        <F>255</F>
        <F>0</F>
      </Row>
      <Row index="140">
        <F>140</F>
        <F>140</F>
        <F>140</F>
        <F>255</F>
        <F>0</F>
      </Row>
      <Row index="141">
        <F>141</F>
        <F>141</F>
        <F>141</F>
        <F>255</F>
        <F>0</F>
      </Row>
      <Row index="142">
        <F>142</F>
        <F>142</F>
        <F>142</F>
        <F>255</F>
        <F>0</F>
      </Row>
      <Row index="143">
        <F>143</F>
        <F>143</F>
        <F>143</F>
        <F>255</F>
        <F>0</F>
      </Row>
      <Row index="144">
        <F>144</F>
        <F>144</F>
        <F>144</F>
        <F>255</F>
        <F>0</F>
      </Row>
      <Row index="145">
        <F>145</F>
        <F>145</F>
        <F>145</F>
        <F>255</F>
        <F>0</F>
      </Row>
      <Row index="146">
        <F>146</F>
        <F>146</F>
        <F>146</F>
        <F>255</F>
        <F>0</F>
      </Row>
      <Row index="147">
        <F>147</F>
        <F>147</F>
        <F>147</F>
        <F>255</F>
        <F>0</F>
      </Row>
      <Row index="148">
        <F>148</F>
        <F>148</F>
        <F>148</F>
        <F>255</F>
        <F>0</F>
      </Row>
      <Row index="149">
        <F>149</F>
        <F>149</F>
        <F>149</F>
        <F>255</F>
        <F>0</F>
      </Row>
      <Row index="150">
        <F>150</F>
        <F>150</F>
        <F>150</F>
        <F>255</F>
        <F>0</F>
      </Row>
      <Row index="151">
        <F>151</F>
        <F>151</F>
        <F>151</F>
        <F>255</F>
        <F>0</F>
      </Row>
      <Row index="152">
        <F>152</F>
        <F>152</F>
        <F>152</F>
        <F>255</F>
        <F>0</F>
      </Row>
      <Row index="153">
        <F>153</F>
        <F>153</F>
        <F>153</F>
        <F>255</F>
        <F>0</F>
      </Row>
      <Row index="154">
        <F>154</F>
        <F>154</F>
        <F>154</F>
        <F>255</F>
        <F>0</F>
      </Row>
      <Row index="155">
        <F>155</F>
        <F>155</F>
        <F>155</F>
        <F>255</F>
        <F>0</F>
      </Row>
      <Row index="156">
        <F>156</F>
        <F>156</F>
        <F>156</F>
        <F>255</F>
        <F>0</F>
      </Row>
      <Row index="157">
        <F>157</F>
        <F>157</F>
        <F>157</F>
        <F>255</F>
        <F>0</F>
      </Row>
      <Row index="158">
        <F>158</F>
        <F>158</F>
        <F>158</F>
        <F>255</F>
        <F>0</F>
      </Row>
      <Row index="159">
        <F>159</F>
        <F>159</F>
        <F>159</F>
        <F>255</F>
        <F>0</F>
      </Row>
      <Row index="160">
        <F>160</F>
        <F>160</F>
        <F>160</F>
        <F>255</F>
        <F>0</F>
      </Row>
      <Row index="161">
        <F>161</F>
        <F>161</F>
        <F>161</F>
        <F>255</F>
        <F>0</F>
      </Row>
      <Row index="162">
        <F>162</F>
        <F>162</F>
        <F>162</F>
        <F>255</F>
        <F>0</F>
      </Row>
      <Row index="163">
        <F>163</F>
        <F>163</F>
        <F>163</F>
        <F>255</F>
        <F>0</F>
      </Row>
      <Row index="164">
        <F>164</F>
        <F>164</F>
        <F>164</F>
        <F>255</F>
        <F>0</F>
      </Row>
      <Row index="165">
        <F>165</F>
        <F>165</F>
        <F>165</F>
        <F>255</F>
        <F>0</F>
      </Row>
      <Row index="166">
        <F>166</F>
        <F>166</F>
        <F>166</F>
        <F>255</F>
        <F>0</F>
      </Row>
      <Row index="167">
        <F>167</F>
        <F>167</F>
        <F>167</F>
        <F>255</F>
        <F>0</F>
      </Row>
      <Row index="168">
        <F>168</F>
        <F>168</F>
        <F>168</F>
        <F>255</F>
        <F>0</F>
      </Row>
      <Row index="169">
        <F>169</F>
        <F>169</F>
        <F>169</F>
        <F>255</F>
        <F>0</F>
      </Row>
      <Row index="170">
        <F>170</F>
        <F>170</F>
        <F>170</F>
        <F>255</F>
        <F>0</F>
      </Row>
      <Row index="171">
        <F>171</F>
        <F>171</F>
        <F>171</F>
        <F>255</F>
        <F>0</F>
      </Row>
      <Row index="172">
        <F>172</F>
        <F>172</F>
        <F>172</F>
        <F>255</F>
        <F>0</F>
      </Row>
      <Row index="173">
        <F>173</F>
        <F>173</F>
        <F>173</F>
        <F>255</F>
        <F>0</F>
      </Row>
      <Row index="174">
        <F>174</F>
        <F>174</F>
        <F>174</F>
        <F>255</F>
        <F>0</F>
      </Row>
      <Row index="175">
        <F>175</F>
        <F>175</F>
        <F>175</F>
        <F>255</F>
        <F>0</F>
      </Row>
      <Row index="176">
        <F>176</F>
        <F>176</F>
        <F>176</F>
        <F>255</F>
        <F>0</F>
      </Row>
      <Row index="177">
        <F>177</F>
        <F>177</F>
        <F>177</F>
        <F>255</F>
        <F>0</F>
      </Row>
      <Row index="178">
        <F>178</F>
        <F>178</F>
        <F>178</F>
        <F>255</F>
        <F>0</F>
      </Row>
      <Row index="179">
        <F>179</F>
        <F>179</F>
        <F>179</F>
        <F>255</F>
        <F>0</F>
      </Row>
      <Row index="180">
        <F>180</F>
        <F>180</F>
        <F>180</F>
        <F>255</F>
        <F>0</F>
      </Row>
      <Row index="181">
        <F>181</F>
        <F>181</F>
        <F>181</F>
        <F>255</F>
        <F>0</F>
      </Row>
      <Row index="182">
        <F>182</F>
        <F>182</F>
        <F>182</F>
        <F>255</F>
        <F>0</F>
      </Row>
      <Row index="183">
        <F>183</F>
        <F>183</F>
        <F>183</F>
        <F>255</F>
        <F>0</F>
      </Row>
      <Row index="184">
        <F>184</F>
        <F>184</F>
        <F>184</F>
        <F>255</F>
        <F>0</F>
      </Row>
      <Row index="185">
        <F>185</F>
        <F>185</F>
        <F>185</F>
        <F>255</F>
        <F>0</F>
      </Row>
      <Row index="186">
        <F>186</F>
        <F>186</F>
        <F>186</F>
        <F>255</F>
        <F>0</F>
      </Row>
      <Row index="187">
        <F>187</F>
        <F>187</F>
        <F>187</F>
        <F>255</F>
        <F>0</F>
      </Row>
      <Row index="188">
        <F>188</F>
        <F>188</F>
        <F>188</F>
        <F>255</F>
        <F>0</F>
      </Row>
      <Row index="189">
        <F>189</F>
        <F>189</F>
        <F>189</F>
        <F>255</F>
        <F>0</F>
      </Row>
      <Row index="190">
        <F>190</F>
        <F>190</F>
        <F>190</F>
        <F>255</F>
        <F>0</F>
      </Row>
      <Row index="191">
        <F>191</F>
        <F>191</F>
        <F>191</F>
        <F>255</F>
        <F>0</F>
      </Row>
      <Row index="192">
        <F>192</F>
        <F>192</F>
        <F>192</F>
        <F>255</F>
        <F>0</F>
      </Row>
      <Row index="193">
        <F>193</F>
        <F>193</F>
        <F>193</F>
        <F>255</F>
        <F>0</F>
      </Row>
      <Row index="194">
        <F>194</F>
        <F>194</F>
        <F>194</F>
        <F>255</F>
        <F>0</F>
      </Row>
      <Row index="195">
        <F>195</F>
        <F>195</F>
        <F>195</F>
        <F>255</F>
        <F>0</F>
      </Row>
      <Row index="196">
        <F>196</F>
        <F>196</F>
        <F>196</F>
        <F>255</F>
        <F>0</F>
      </Row>
      <Row index="197">
        <F>197</F>
        <F>197</F>
        <F>197</F>
        <F>255</F>
        <F>0</F>
      </Row>
      <Row index="198">
        <F>198</F>
        <F>198</F>
        <F>198</F>
        <F>255</F>
        <F>0</F>
      </Row>
      <Row index="199">
        <F>199</F>
        <F>199</F>
        <F>199</F>
        <F>255</F>
        <F>0</F>
      </Row>
      <Row index="200">
        <F>200</F>
        <F>200</F>
        <F>200</F>
        <F>255</F>
        <F>0</F>
      </Row>
      <Row index="201">
        <F>201</F>
        <F>201</F>
        <F>201</F>
        <F>255</F>
        <F>0</F>
      </Row>
      <Row index="202">
        <F>202</F>
        <F>202</F>
        <F>202</F>
        <F>255</F>
        <F>0</F>
      </Row>
      <Row index="203">
        <F>203</F>
        <F>203</F>
        <F>203</F>
        <F>255</F>
        <F>0</F>
      </Row>
      <Row index="204">
        <F>204</F>
        <F>204</F>
        <F>204</F>
        <F>255</F>
        <F>0</F>
      </Row>
      <Row index="205">
        <F>205</F>
        <F>205</F>
        <F>205</F>
        <F>255</F>
        <F>0</F>
      </Row>
      <Row index="206">
        <F>206</F>
        <F>206</F>
        <F>206</F>
        <F>255</F>
        <F>0</F>
      </Row>
      <Row index="207">
        <F>207</F>
        <F>207</F>
        <F>207</F>
        <F>255</F>
        <F>0</F>
      </Row>
      <Row index="208">
        <F>208</F>
        <F>208</F>
        <F>208</F>
        <F>255</F>
        <F>0</F>
      </Row>
      <Row index="209">
        <F>209</F>
        <F>209</F>
        <F>209</F>
        <F>255</F>
        <F>0</F>
      </Row>
      <Row index="210">
        <F>210</F>
        <F>210</F>
        <F>210</F>
        <F>255</F>
        <F>0</F>
      </Row>
      <Row index="211">
        <F>211</F>
        <F>211</F>
        <F>211</F>
        <F>255</F>
        <F>0</F>
      </Row>
      <Row index="212">
        <F>212</F>
        <F>212</F>
        <F>212</F>
        <F>255</F>
        <F>0</F>
      </Row>
      <Row index="213">
        <F>213</F>
        <F>213</F>
        <F>213</F>
        <F>255</F>
        <F>0</F>
      </Row>
      <Row index="214">
        <F>214</F>
        <F>214</F>
        <F>214</F>
        <F>255</F>
        <F>0</F>
      </Row>
      <Row index="215">
        <F>215</F>
        <F>215</F>
        <F>215</F>
        <F>255</F>
        <F>0</F>
      </Row>
      <Row index="216">
        <F>216</F>
        <F>216</F>
        <F>216</F>
        <F>255</F>
        <F>0</F>
      </Row>
      <Row index="217">
        <F>217</F>
        <F>217</F>
        <F>217</F>
        <F>255</F>
        <F>0</F>
      </Row>
      <Row index="218">
        <F>218</F>
        <F>218</F>
        <F>218</F>
        <F>255</F>
        <F>0</F>
      </Row>
      <Row index="219">
        <F>219</F>
        <F>219</F>
        <F>219</F>
        <F>255</F>
        <F>0</F>
      </Row>
      <Row index="220">
        <F>220</F>
        <F>220</F>
        <F>220</F>
        <F>255</F>
        <F>0</F>
      </Row>
      <Row index="221">
        <F>221</F>
        <F>221</F>
        <F>221</F>
        <F>255</F>
        <F>0</F>
      </Row>
      <Row index="222">
        <F>222</F>
        <F>222</F>
        <F>222</F>
        <F>255</F>
        <F>0</F>
      </Row>
      <Row index="223">
        <F>223</F>
        <F>223</F>
        <F>223</F>
        <F>255</F>
        <F>0</F>
      </Row>
      <Row index="224">
        <F>224</F>
        <F>224</F>
        <F>224</F>
        <F>255</F>
        <F>0</F>
      </Row>
      <Row index="225">
        <F>225</F>
        <F>225</F>
        <F>225</F>
        <F>255</F>
        <F>0</F>
      </Row>
      <Row index="226">
        <F>226</F>
        <F>226</F>
        <F>226</F>
        <F>255</F>
        <F>0</F>
      </Row>
      <Row index="227">
        <F>227</F>
        <F>227</F>
        <F>227</F>
        <F>255</F>
        <F>0</F>
      </Row>
      <Row index="228">
        <F>228</F>
        <F>228</F>
        <F>228</F>
        <F>255</F>
        <F>0</F>
      </Row>
      <Row index="229">
        <F>229</F>
        <F>229</F>
        <F>229</F>
        <F>255</F>
        <F>0</F>
      </Row>
      <Row index="230">
        <F>230</F>
        <F>230</F>
        <F>230</F>
        <F>255</F>
        <F>0</F>
      </Row>
      <Row index="231">
        <F>231</F>
        <F>231</F>
        <F>231</F>
        <F>255</F>
        <F>0</F>
      </Row>
      <Row index="232">
        <F>232</F>
        <F>232</F>
        <F>232</F>
        <F>255</F>
        <F>0</F>
      </Row>
      <Row index="233">
        <F>233</F>
        <F>233</F>
        <F>233</F>
        <F>255</F>
        <F>0</F>
      </Row>
      <Row index="234">
        <F>234</F>
        <F>234</F>
        <F>234</F>
        <F>255</F>
        <F>0</F>
      </Row>
      <Row index="235">
        <F>235</F>
        <F>235</F>
        <F>235</F>
        <F>255</F>
        <F>0</F>
      </Row>
      <Row index="236">
        <F>236</F>
        <F>236</F>
        <F>236</F>
        <F>255</F>
        <F>0</F>
      </Row>
      <Row index="237">
        <F>237</F>
        <F>237</F>
        <F>237</F>
        <F>255</F>
        <F>0</F>
      </Row>
      <Row index="238">
        <F>238</F>
        <F>238</F>
        <F>238</F>
        <F>255</F>
        <F>0</F>
      </Row>
      <Row index="239">
        <F>239</F>
        <F>239</F>
        <F>239</F>
        <F>255</F>
        <F>0</F>
      </Row>
      <Row index="240">
        <F>240</F>
        <F>240</F>
        <F>240</F>
        <F>255</F>
        <F>0</F>
      </Row>
      <Row index="241">
        <F>241</F>
        <F>241</F>
        <F>241</F>
        <F>255</F>
        <F>0</F>
      </Row>
      <Row index="242">
        <F>242</F>
        <F>242</F>
        <F>242</F>
        <F>255</F>
        <F>0</F>
      </Row>
      <Row index="243">
        <F>243</F>
        <F>243</F>
        <F>243</F>
        <F>255</F>
        <F>0</F>
      </Row>
      <Row index="244">
        <F>244</F>
        <F>244</F>
        <F>244</F>
        <F>255</F>
        <F>0</F>
      </Row>
      <Row index="245">
        <F>245</F>
        <F>245</F>
        <F>245</F>
        <F>255</F>
        <F>0</F>
      </Row>
      <Row index="246">
        <F>246</F>
        <F>246</F>
        <F>246</F>
        <F>255</F>
        <F>0</F>
      </Row>
      <Row index="247">
        <F>247</F>
        <F>247</F>
        <F>247</F>
        <F>255</F>
        <F>0</F>
      </Row>
      <Row index="248">
        <F>248</F>
        <F>248</F>
        <F>248</F>
        <F>255</F>
        <F>0</F>
      </Row>
      <Row index="249">
        <F>249</F>
        <F>249</F>
        <F>249</F>
        <F>255</F>
        <F>0</F>
      </Row>
      <Row index="250">
        <F>250</F>
        <F>250</F>
        <F>250</F>
        <F>255</F>
        <F>0</F>
      </Row>
      <Row index="251">
        <F>251</F>
        <F>251</F>
        <F>251</F>
        <F>255</F>
        <F>0</F>
      </Row>
      <Row index="252">
        <F>252</F>
        <F>252</F>
        <F>252</F>
        <F>255</F>
        <F>0</F>
      </Row>
      <Row index="253">
        <F>253</F>
        <F>253</F>
        <F>253</F>
        <F>255</F>
        <F>0</F>
      </Row>
      <Row index="254">
        <F>254</F>
        <F>254</F>
        <F>254</F>
        <F>255</F>
        <F>0</F>
      </Row>
      <Row index="255">
        <F>255</F>
        <F>255</F>
        <F>255</F>
        <F>255</F>
        <F>0</F>
      </Row>
    </GDALRasterAttributeTable>
  </PAMRasterBand>
</PAMDataset>
