<metadata xml:lang="en"><Esri><CreaDate>20220314</CreaDate><CreaTime>08322800</CreaTime><ArcGISFormat>1.0</ArcGISFormat><SyncOnce>FALSE</SyncOnce><DataProperties><lineage><Process ToolSource="c:\program files\arcgis\pro\Resources\ArcToolbox\toolboxes\Data Management Tools.tbx\CreateFeatureclass" Date="20220314" Time="083228">CreateFeatureclass C:\Users\kchan\Desktop\Spring2022\MUSAPracticum\EP_ExploratoryAnalysis\EP_ExploratoryAnalysis.gdb CRIS2017_XYTableToPoint Point CRIS2017 No No "GEOGCS["GCS_WGS_1984",DATUM["D_WGS_1984",SPHEROID["WGS_1984",6378137.0,298.257223563]],PRIMEM["Greenwich",0.0],UNIT["Degree",0.0174532925199433]];-400 -400 1000000000;-100000 10000;-100000 10000;8.98315284119521E-09;0.001;0.001;IsHighPrecision" # 0 0 0 #</Process><Process ToolSource="c:\program files\arcgis\pro\Resources\ArcToolbox\toolboxes\Data Management Tools.tbx\XYTableToPoint" Date="20220314" Time="083230">XYTableToPoint CRIS2017 C:\Users\kchan\Desktop\Spring2022\MUSAPracticum\EP_ExploratoryAnalysis\EP_ExploratoryAnalysis.gdb\CRIS2017_XYTableToPoint Longitude Latitude # "GEOGCS["GCS_WGS_1984",DATUM["D_WGS_1984",SPHEROID["WGS_1984",6378137.0,298.257223563]],PRIMEM["Greenwich",0.0],UNIT["Degree",0.0174532925199433]];-400 -400 1000000000;-100000 10000;-100000 10000;8.98315284119521E-09;0.001;0.001;IsHighPrecision"</Process><Process ToolSource="c:\program files\arcgis\pro\Resources\ArcToolbox\toolboxes\Conversion Tools.tbx\FeatureClassToFeatureClass" Date="20220314" Time="083258">FeatureClassToFeatureClass CRIS2017_XYTableToPoint C:\Users\kchan\Desktop\Spring2022\MUSAPracticum\EP_ExploratoryAnalysis\EP_ExploratoryAnalysis.gdb CRIS2017 # "Crash_ID "Crash_ID" true true false 8 Double 0 0,First,#,CRIS2017_XYTableToPoint,Crash_ID,-1,-1;Crash_Fatal_Fl "Crash_Fatal_Fl" true true false 255 Text 0 0,First,#,CRIS2017_XYTableToPoint,Crash_Fatal_Fl,0,255;Crash_Date "Crash_Date" true true false 8 Date 0 0,First,#,CRIS2017_XYTableToPoint,Crash_Date,-1,-1;Day_of_Week "Day of Week" true true false 255 Text 0 0,First,#,CRIS2017_XYTableToPoint,Day_of_Week,0,255;Crash_Time "Crash_Time" true true false 8 Date 0 0,First,#,CRIS2017_XYTableToPoint,Crash_Time,-1,-1;Latitude "Latitude" true true false 8 Double 0 0,First,#,CRIS2017_XYTableToPoint,Latitude,-1,-1;Longitude "Longitude" true true false 8 Double 0 0,First,#,CRIS2017_XYTableToPoint,Longitude,-1,-1;Street_Name "Street_Name" true true false 255 Text 0 0,First,#,CRIS2017_XYTableToPoint,Street_Name,0,255;Street_Nbr "Street_Nbr" true true false 8 Double 0 0,First,#,CRIS2017_XYTableToPoint,Street_Nbr,-1,-1;Street_Name_2 "Street_Name_2" true true false 255 Text 0 0,First,#,CRIS2017_XYTableToPoint,Street_Name_2,0,255;Txdot_Rptable_Fl "Txdot_Rptable_Fl" true true false 255 Text 0 0,First,#,CRIS2017_XYTableToPoint,Txdot_Rptable_Fl,0,255;Sus_Serious_Injry_Cnt "Sus_Serious_Injry_Cnt" true true false 8 Double 0 0,First,#,CRIS2017_XYTableToPoint,Sus_Serious_Injry_Cnt,-1,-1;Nonincap_Injry_Cnt "Nonincap_Injry_Cnt" true true false 8 Double 0 0,First,#,CRIS2017_XYTableToPoint,Nonincap_Injry_Cnt,-1,-1;Poss_Injry_Cnt "Poss_Injry_Cnt" true true false 8 Double 0 0,First,#,CRIS2017_XYTableToPoint,Poss_Injry_Cnt,-1,-1;Non_Injry_Cnt "Non_Injry_Cnt" true true false 8 Double 0 0,First,#,CRIS2017_XYTableToPoint,Non_Injry_Cnt,-1,-1;Unkn_Injry_Cnt "Unkn_Injry_Cnt" true true false 8 Double 0 0,First,#,CRIS2017_XYTableToPoint,Unkn_Injry_Cnt,-1,-1;Tot_Injry_Cnt "Tot_Injry_Cnt" true true false 8 Double 0 0,First,#,CRIS2017_XYTableToPoint,Tot_Injry_Cnt,-1,-1;Death_Cnt "Death_Cnt" true true false 8 Double 0 0,First,#,CRIS2017_XYTableToPoint,Death_Cnt,-1,-1;Prsn_Age "Prsn_Age" true true false 8 Double 0 0,First,#,CRIS2017_XYTableToPoint,Prsn_Age,-1,-1;Prsn_Ethnicity_ID "Prsn_Ethnicity_ID" true true false 8 Double 0 0,First,#,CRIS2017_XYTableToPoint,Prsn_Ethnicity_ID,-1,-1;Ethnicity "Ethnicity" true true false 255 Text 0 0,First,#,CRIS2017_XYTableToPoint,Ethnicity,0,255;Prsn_Gndr_ID "Prsn_Gndr_ID" true true false 8 Double 0 0,First,#,CRIS2017_XYTableToPoint,Prsn_Gndr_ID,-1,-1;Gender "Gender" true true false 255 Text 0 0,First,#,CRIS2017_XYTableToPoint,Gender,0,255;Harm_Event "Harm_Event" true true false 8 Double 0 0,First,#,CRIS2017_XYTableToPoint,Harm_Event,-1,-1;Harmed_Party "Harmed Party" true true false 255 Text 0 0,First,#,CRIS2017_XYTableToPoint,Harmed_Party,0,255;Collision_Year "Collision Year" true true false 8 Double 0 0,First,#,CRIS2017_XYTableToPoint,Collision_Year,-1,-1;Bucketed_Hour "Bucketed Hour" true true false 8 Double 0 0,First,#,CRIS2017_XYTableToPoint,Bucketed_Hour,-1,-1;AM_PM "AM/PM" true true false 255 Text 0 0,First,#,CRIS2017_XYTableToPoint,AM_PM,0,255" #</Process><Process ToolSource="c:\program files\arcgis\pro\Resources\ArcToolbox\toolboxes\Conversion Tools.tbx\FeatureClassToFeatureClass" Date="20220314" Time="100848">FeatureClassToFeatureClass CRIS2017 C:\Users\kchan\Desktop\Spring2022\MUSAPracticum\newData CRIS2017.shp # "Crash_ID "Crash_ID" true true false 8 Double 0 0,First,#,CRIS2017,Crash_ID,-1,-1;Crash_Fatal_Fl "Crash_Fatal_Fl" true true false 255 Text 0 0,First,#,CRIS2017,Crash_Fatal_Fl,0,255;Crash_Date "Crash_Date" true true false 8 Date 0 0,First,#,CRIS2017,Crash_Date,-1,-1;Day_of_Week "Day of Week" true true false 255 Text 0 0,First,#,CRIS2017,Day_of_Week,0,255;Crash_Time "Crash_Time" true true false 8 Date 0 0,First,#,CRIS2017,Crash_Time,-1,-1;Latitude "Latitude" true true false 8 Double 0 0,First,#,CRIS2017,Latitude,-1,-1;Longitude "Longitude" true true false 8 Double 0 0,First,#,CRIS2017,Longitude,-1,-1;Street_Name "Street_Name" true true false 255 Text 0 0,First,#,CRIS2017,Street_Name,0,255;Street_Nbr "Street_Nbr" true true false 8 Double 0 0,First,#,CRIS2017,Street_Nbr,-1,-1;Street_Name_2 "Street_Name_2" true true false 255 Text 0 0,First,#,CRIS2017,Street_Name_2,0,255;Txdot_Rptable_Fl "Txdot_Rptable_Fl" true true false 255 Text 0 0,First,#,CRIS2017,Txdot_Rptable_Fl,0,255;Sus_Serious_Injry_Cnt "Sus_Serious_Injry_Cnt" true true false 8 Double 0 0,First,#,CRIS2017,Sus_Serious_Injry_Cnt,-1,-1;Nonincap_Injry_Cnt "Nonincap_Injry_Cnt" true true false 8 Double 0 0,First,#,CRIS2017,Nonincap_Injry_Cnt,-1,-1;Poss_Injry_Cnt "Poss_Injry_Cnt" true true false 8 Double 0 0,First,#,CRIS2017,Poss_Injry_Cnt,-1,-1;Non_Injry_Cnt "Non_Injry_Cnt" true true false 8 Double 0 0,First,#,CRIS2017,Non_Injry_Cnt,-1,-1;Unkn_Injry_Cnt "Unkn_Injry_Cnt" true true false 8 Double 0 0,First,#,CRIS2017,Unkn_Injry_Cnt,-1,-1;Tot_Injry_Cnt "Tot_Injry_Cnt" true true false 8 Double 0 0,First,#,CRIS2017,Tot_Injry_Cnt,-1,-1;Death_Cnt "Death_Cnt" true true false 8 Double 0 0,First,#,CRIS2017,Death_Cnt,-1,-1;Prsn_Age "Prsn_Age" true true false 8 Double 0 0,First,#,CRIS2017,Prsn_Age,-1,-1;Prsn_Ethnicity_ID "Prsn_Ethnicity_ID" true true false 8 Double 0 0,First,#,CRIS2017,Prsn_Ethnicity_ID,-1,-1;Ethnicity "Ethnicity" true true false 255 Text 0 0,First,#,CRIS2017,Ethnicity,0,255;Prsn_Gndr_ID "Prsn_Gndr_ID" true true false 8 Double 0 0,First,#,CRIS2017,Prsn_Gndr_ID,-1,-1;Gender "Gender" true true false 255 Text 0 0,First,#,CRIS2017,Gender,0,255;Harm_Event "Harm_Event" true true false 8 Double 0 0,First,#,CRIS2017,Harm_Event,-1,-1;Harmed_Party "Harmed Party" true true false 255 Text 0 0,First,#,CRIS2017,Harmed_Party,0,255;Collision_Year "Collision Year" true true false 8 Double 0 0,First,#,CRIS2017,Collision_Year,-1,-1;Bucketed_Hour "Bucketed Hour" true true false 8 Double 0 0,First,#,CRIS2017,Bucketed_Hour,-1,-1;AM_PM "AM/PM" true true false 255 Text 0 0,First,#,CRIS2017,AM_PM,0,255" #</Process></lineage><LayerFile>{"type":"CIMLayerDocument","version":"2.9.0","build":32739,"layers":["CIMPATH=map/cris2017_xytabletopoint.xml"],"layerDefinitions":[{"type":"CIMFeatureLayer","name":"CRIS2017_XYTableToPoint","uRI":"CIMPATH=map/cris2017_xytabletopoint.xml","sourceModifiedTime":{"type":"TimeInstant"},"useSourceMetadata":true,"description":"CRIS2017_XYTableToPoint","layerElevation":{"type":"CIMLayerElevationSurface","mapElevationID":"{E53F8898-00B7-4F37-8A83-E5E564BD53F6}"},"expanded":true,"layerType":"Operational","showLegends":true,"visibility":true,"displayCacheType":"Permanent","maxDisplayCacheAge":5,"showPopups":true,"serviceLayerID":-1,"refreshRate":-1,"refreshRateUnit":"esriTimeUnitsSeconds","blendingMode":"Alpha","allowDrapingOnIntegratedMesh":true,"autoGenerateFeatureTemplates":true,"featureTable":{"type":"CIMFeatureTable","displayField":"Street_Name","editable":true,"dataConnection":{"type":"CIMStandardDataConnection","workspaceConnectionString":"DATABASE=..\\..\\..\\..\\Desktop\\Spring2022\\MUSAPracticum\\EP_ExploratoryAnalysis\\EP_ExploratoryAnalysis.gdb","workspaceFactory":"FileGDB","dataset":"CRIS2017_XYTableToPoint","datasetType":"esriDTFeatureClass"},"studyAreaSpatialRel":"esriSpatialRelUndefined","searchOrder":"esriSearchOrderSpatial"},"htmlPopupEnabled":true,"selectable":true,"featureCacheType":"Session","displayFiltersType":"ByScale","featureBlendingMode":"Alpha","labelClasses":[{"type":"CIMLabelClass","expression":"$feature.OBJECTID","expressionEngine":"Arcade","featuresToLabel":"AllVisibleFeatures","maplexLabelPlacementProperties":{"type":"CIMMaplexLabelPlacementProperties","featureType":"Point","avoidPolygonHoles":true,"canOverrunFeature":true,"canPlaceLabelOutsidePolygon":true,"canRemoveOverlappingLabel":true,"canStackLabel":true,"connectionType":"Unambiguous","constrainOffset":"NoConstraint","contourAlignmentType":"Page","contourLadderType":"Straight","contourMaximumAngle":90,"enableConnection":true,"enablePointPlacementPriorities":true,"featureWeight":0,"fontHeightReductionLimit":4,"fontHeightReductionStep":0.5,"fontWidthReductionLimit":90,"fontWidthReductionStep":5,"graticuleAlignmentType":"Straight","keyNumberGroupName":"Default","labelBuffer":15,"labelLargestPolygon":true,"labelPriority":-1,"labelStackingProperties":{"type":"CIMMaplexLabelStackingProperties","stackAlignment":"ChooseBest","maximumNumberOfLines":3,"minimumNumberOfCharsPerLine":3,"maximumNumberOfCharsPerLine":24,"separators":[{"type":"CIMMaplexStackingSeparator","separator":" ","splitAfter":true},{"type":"CIMMaplexStackingSeparator","separator":",","visible":true,"splitAfter":true}],"trimStackingSeparators":true},"lineFeatureType":"General","linePlacementMethod":"OffsetCurvedFromLine","maximumLabelOverrun":36,"maximumLabelOverrunUnit":"Point","minimumFeatureSizeUnit":"Map","multiPartOption":"OneLabelPerPart","offsetAlongLineProperties":{"type":"CIMMaplexOffsetAlongLineProperties","placementMethod":"BestPositionAlongLine","labelAnchorPoint":"CenterOfLabel","distanceUnit":"Percentage","useLineDirection":true},"pointExternalZonePriorities":{"type":"CIMMaplexExternalZonePriorities","aboveLeft":4,"aboveCenter":2,"aboveRight":1,"centerRight":3,"belowRight":5,"belowCenter":7,"belowLeft":8,"centerLeft":6},"pointPlacementMethod":"AroundPoint","polygonAnchorPointType":"GeometricCenter","polygonBoundaryWeight":0,"polygonExternalZones":{"type":"CIMMaplexExternalZonePriorities","aboveLeft":4,"aboveCenter":2,"aboveRight":1,"centerRight":3,"belowRight":5,"belowCenter":7,"belowLeft":8,"centerLeft":6},"polygonFeatureType":"General","polygonInternalZones":{"type":"CIMMaplexInternalZonePriorities","center":1},"polygonPlacementMethod":"CurvedInPolygon","primaryOffset":1,"primaryOffsetUnit":"Point","removeExtraWhiteSpace":true,"repetitionIntervalUnit":"Point","rotationProperties":{"type":"CIMMaplexRotationProperties","rotationType":"Arithmetic","alignmentType":"Straight"},"secondaryOffset":100,"strategyPriorities":{"type":"CIMMaplexStrategyPriorities","stacking":1,"overrun":2,"fontCompression":3,"fontReduction":4,"abbreviation":5},"thinningDistanceUnit":"Point","truncationMarkerCharacter":".","truncationMinimumLength":1,"truncationPreferredCharacters":"aeiou","truncationExcludedCharacters":"0123456789","polygonAnchorPointPerimeterInsetUnit":"Point"},"name":"Class 1","priority":-1,"standardLabelPlacementProperties":{"type":"CIMStandardLabelPlacementProperties","featureType":"Line","featureWeight":"Low","labelWeight":"High","numLabelsOption":"OneLabelPerName","lineLabelPosition":{"type":"CIMStandardLineLabelPosition","above":true,"inLine":true,"parallel":true},"lineLabelPriorities":{"type":"CIMStandardLineLabelPriorities","aboveStart":3,"aboveAlong":3,"aboveEnd":3,"centerStart":3,"centerAlong":3,"centerEnd":3,"belowStart":3,"belowAlong":3,"belowEnd":3},"pointPlacementMethod":"AroundPoint","pointPlacementPriorities":{"type":"CIMStandardPointPlacementPriorities","aboveLeft":2,"aboveCenter":2,"aboveRight":1,"centerLeft":3,"centerRight":2,"belowLeft":3,"belowCenter":3,"belowRight":2},"rotationType":"Arithmetic","polygonPlacementMethod":"AlwaysHorizontal"},"textSymbol":{"type":"CIMSymbolReference","symbol":{"type":"CIMTextSymbol","blockProgression":"TTB","depth3D":1,"extrapolateBaselines":true,"fontEffects":"Normal","fontEncoding":"Unicode","fontFamilyName":"Tahoma","fontStyleName":"Regular","fontType":"Unspecified","haloSize":1,"height":10,"hinting":"Default","horizontalAlignment":"Left","kerning":true,"letterWidth":100,"ligatures":true,"lineGapType":"ExtraLeading","symbol":{"type":"CIMPolygonSymbol","symbolLayers":[{"type":"CIMSolidFill","enable":true,"color":{"type":"CIMRGBColor","values":[0,0,0,100]}}]},"textCase":"Normal","textDirection":"LTR","verticalAlignment":"Bottom","verticalGlyphOrientation":"Right","wordSpacing":100,"billboardMode3D":"FaceNearPlane"}},"useCodedValue":true,"visibility":true,"iD":-1}],"renderer":{"type":"CIMSimpleRenderer","patch":"Default","symbol":{"type":"CIMSymbolReference","symbol":{"type":"CIMPointSymbol","symbolLayers":[{"type":"CIMVectorMarker","enable":true,"anchorPoint":{"x":0,"y":-0.5},"anchorPointUnits":"Relative","dominantSizeAxis3D":"Y","size":12,"billboardMode3D":"FaceNearPlane","frame":{"xmin":0,"ymin":0,"xmax":21,"ymax":21},"markerGraphics":[{"type":"CIMMarkerGraphic","geometry":{"curveRings":[[[17.170000000000002,14.33],{"b":[[10.5,0],[17.170000000000002,10.65],[12.380000000000001,6.1500000000000004]]},{"b":[[3.8300000000000001,14.33],[8.6500000000000004,6.1799999999999997],[3.8300000000000001,10.65]]},{"b":[[10.5,21],[3.8300000000000001,18.010000000000002],[6.8200000000000003,21]]},{"b":[[17.170000000000002,14.33],[14.19,21],[17.170000000000002,18.010000000000002]]}]]},"symbol":{"type":"CIMPolygonSymbol","symbolLayers":[{"type":"CIMSolidStroke","enable":true,"capStyle":"Round","joinStyle":"Round","lineStyle3D":"Strip","miterLimit":10,"width":0,"color":{"type":"CIMRGBColor","values":[110,110,110,100]}},{"type":"CIMSolidFill","enable":true,"color":{"type":"CIMRGBColor","values":[0,122,194,80]}}]}}],"scaleSymbolsProportionally":true,"respectFrame":true}],"haloSize":1,"scaleX":1,"angleAlignment":"Display"}}},"scaleSymbols":true,"snappable":true}]}</LayerFile><itemProps><itemName Sync="TRUE">CRIS2017</itemName><imsContentType Sync="TRUE">002</imsContentType><itemLocation><linkage Sync="TRUE">file://\\KCHANG-DESKTOP\C$\Users\kchan\Desktop\Spring2022\MUSAPracticum\newData\CRIS2017.shp</linkage><protocol Sync="TRUE">Local Area Network</protocol></itemLocation><itemSize Sync="TRUE">0.000</itemSize></itemProps><coordRef><type Sync="TRUE">Geographic</type><geogcsn Sync="TRUE">GCS_WGS_1984</geogcsn><csUnits Sync="TRUE">Angular Unit: Degree (0.017453)</csUnits><peXml Sync="TRUE">&lt;GeographicCoordinateSystem xsi:type='typens:GeographicCoordinateSystem' xmlns:xsi='http://www.w3.org/2001/XMLSchema-instance' xmlns:xs='http://www.w3.org/2001/XMLSchema' xmlns:typens='http://www.esri.com/schemas/ArcGIS/2.9.0'&gt;&lt;WKT&gt;GEOGCS[&amp;quot;GCS_WGS_1984&amp;quot;,DATUM[&amp;quot;D_WGS_1984&amp;quot;,SPHEROID[&amp;quot;WGS_1984&amp;quot;,6378137.0,298.257223563]],PRIMEM[&amp;quot;Greenwich&amp;quot;,0.0],UNIT[&amp;quot;Degree&amp;quot;,0.0174532925199433],AUTHORITY[&amp;quot;EPSG&amp;quot;,4326]]&lt;/WKT&gt;&lt;XOrigin&gt;-400&lt;/XOrigin&gt;&lt;YOrigin&gt;-400&lt;/YOrigin&gt;&lt;XYScale&gt;11258999068426.238&lt;/XYScale&gt;&lt;ZOrigin&gt;-100000&lt;/ZOrigin&gt;&lt;ZScale&gt;10000&lt;/ZScale&gt;&lt;MOrigin&gt;-100000&lt;/MOrigin&gt;&lt;MScale&gt;10000&lt;/MScale&gt;&lt;XYTolerance&gt;8.983152841195215e-09&lt;/XYTolerance&gt;&lt;ZTolerance&gt;0.001&lt;/ZTolerance&gt;&lt;MTolerance&gt;0.001&lt;/MTolerance&gt;&lt;HighPrecision&gt;true&lt;/HighPrecision&gt;&lt;LeftLongitude&gt;-180&lt;/LeftLongitude&gt;&lt;WKID&gt;4326&lt;/WKID&gt;&lt;LatestWKID&gt;4326&lt;/LatestWKID&gt;&lt;/GeographicCoordinateSystem&gt;</peXml></coordRef></DataProperties><SyncDate>20220314</SyncDate><SyncTime>10084300</SyncTime><ModDate>20220314</ModDate><ModTime>10084300</ModTime></Esri><dataIdInfo><envirDesc Sync="TRUE">Microsoft Windows 10 Version 10.0 (Build 19044) ; Esri ArcGIS 12.9.0.32739</envirDesc><dataLang><languageCode value="eng" Sync="TRUE"></languageCode><countryCode value="USA" Sync="TRUE"></countryCode></dataLang><idCitation><resTitle Sync="TRUE">CRIS2017</resTitle><presForm><PresFormCd value="005" Sync="TRUE"></PresFormCd></presForm></idCitation><spatRpType><SpatRepTypCd value="001" Sync="TRUE"></SpatRepTypCd></spatRpType></dataIdInfo><mdLang><languageCode value="eng" Sync="TRUE"></languageCode><countryCode value="USA" Sync="TRUE"></countryCode></mdLang><distInfo><distFormat><formatName Sync="TRUE">Shapefile</formatName></distFormat><distTranOps><transSize Sync="TRUE">0.000</transSize></distTranOps></distInfo><mdHrLv><ScopeCd value="005" Sync="TRUE"></ScopeCd></mdHrLv><mdHrLvName Sync="TRUE">dataset</mdHrLvName><refSysInfo><RefSystem><refSysID><identCode code="4326" Sync="TRUE"></identCode><idCodeSpace Sync="TRUE">EPSG</idCodeSpace><idVersion Sync="TRUE">6.2(3.0.1)</idVersion></refSysID></RefSystem></refSysInfo><spatRepInfo><VectSpatRep><geometObjs Name="CRIS2017"><geoObjTyp><GeoObjTypCd value="004" Sync="TRUE"></GeoObjTypCd></geoObjTyp><geoObjCnt Sync="TRUE">0</geoObjCnt></geometObjs><topLvl><TopoLevCd value="001" Sync="TRUE"></TopoLevCd></topLvl></VectSpatRep></spatRepInfo><spdoinfo><ptvctinf><esriterm Name="CRIS2017"><efeatyp Sync="TRUE">Simple</efeatyp><efeageom code="1" Sync="TRUE"></efeageom><esritopo Sync="TRUE">FALSE</esritopo><efeacnt Sync="TRUE">0</efeacnt><spindex Sync="TRUE">FALSE</spindex><linrefer Sync="TRUE">FALSE</linrefer></esriterm></ptvctinf></spdoinfo><eainfo><detailed Name="CRIS2017"><enttyp><enttypl Sync="TRUE">CRIS2017</enttypl><enttypt Sync="TRUE">Feature Class</enttypt><enttypc Sync="TRUE">0</enttypc></enttyp><attr><attrlabl Sync="TRUE">FID</attrlabl><attalias Sync="TRUE">FID</attalias><attrtype Sync="TRUE">OID</attrtype><attwidth Sync="TRUE">4</attwidth><atprecis Sync="TRUE">0</atprecis><attscale Sync="TRUE">0</attscale><attrdef Sync="TRUE">Internal feature number.</attrdef><attrdefs Sync="TRUE">Esri</attrdefs><attrdomv><udom Sync="TRUE">Sequential unique whole numbers that are automatically generated.</udom></attrdomv></attr><attr><attrlabl Sync="TRUE">Shape</attrlabl><attalias Sync="TRUE">Shape</attalias><attrtype Sync="TRUE">Geometry</attrtype><attwidth Sync="TRUE">0</attwidth><atprecis Sync="TRUE">0</atprecis><attscale Sync="TRUE">0</attscale><attrdef Sync="TRUE">Feature geometry.</attrdef><attrdefs Sync="TRUE">Esri</attrdefs><attrdomv><udom Sync="TRUE">Coordinates defining the features.</udom></attrdomv></attr><attr><attrlabl Sync="TRUE">Crash_ID</attrlabl><attalias Sync="TRUE">Crash_ID</attalias><attrtype Sync="TRUE">Double</attrtype><attwidth Sync="TRUE">19</attwidth><atprecis Sync="TRUE">0</atprecis><attscale Sync="TRUE">0</attscale></attr><attr><attrlabl Sync="TRUE">Crash_Fata</attrlabl><attalias Sync="TRUE">Crash_Fata</attalias><attrtype Sync="TRUE">String</attrtype><attwidth Sync="TRUE">254</attwidth><atprecis Sync="TRUE">0</atprecis><attscale Sync="TRUE">0</attscale></attr><attr><attrlabl Sync="TRUE">Crash_Date</attrlabl><attalias Sync="TRUE">Crash_Date</attalias><attrtype Sync="TRUE">Date</attrtype><attwidth Sync="TRUE">8</attwidth><atprecis Sync="TRUE">0</atprecis><attscale Sync="TRUE">0</attscale></attr><attr><attrlabl Sync="TRUE">Day_of_Wee</attrlabl><attalias Sync="TRUE">Day_of_Wee</attalias><attrtype Sync="TRUE">String</attrtype><attwidth Sync="TRUE">254</attwidth><atprecis Sync="TRUE">0</atprecis><attscale Sync="TRUE">0</attscale></attr><attr><attrlabl Sync="TRUE">Crash_Time</attrlabl><attalias Sync="TRUE">Crash_Time</attalias><attrtype Sync="TRUE">Date</attrtype><attwidth Sync="TRUE">8</attwidth><atprecis Sync="TRUE">0</atprecis><attscale Sync="TRUE">0</attscale></attr><attr><attrlabl Sync="TRUE">Latitude</attrlabl><attalias Sync="TRUE">Latitude</attalias><attrtype Sync="TRUE">Double</attrtype><attwidth Sync="TRUE">19</attwidth><atprecis Sync="TRUE">0</atprecis><attscale Sync="TRUE">0</attscale></attr><attr><attrlabl Sync="TRUE">Longitude</attrlabl><attalias Sync="TRUE">Longitude</attalias><attrtype Sync="TRUE">Double</attrtype><attwidth Sync="TRUE">19</attwidth><atprecis Sync="TRUE">0</atprecis><attscale Sync="TRUE">0</attscale></attr><attr><attrlabl Sync="TRUE">Street_Nam</attrlabl><attalias Sync="TRUE">Street_Nam</attalias><attrtype Sync="TRUE">String</attrtype><attwidth Sync="TRUE">254</attwidth><atprecis Sync="TRUE">0</atprecis><attscale Sync="TRUE">0</attscale></attr><attr><attrlabl Sync="TRUE">Street_Nbr</attrlabl><attalias Sync="TRUE">Street_Nbr</attalias><attrtype Sync="TRUE">Double</attrtype><attwidth Sync="TRUE">19</attwidth><atprecis Sync="TRUE">0</atprecis><attscale Sync="TRUE">0</attscale></attr><attr><attrlabl Sync="TRUE">Street_N_1</attrlabl><attalias Sync="TRUE">Street_N_1</attalias><attrtype Sync="TRUE">String</attrtype><attwidth Sync="TRUE">254</attwidth><atprecis Sync="TRUE">0</atprecis><attscale Sync="TRUE">0</attscale></attr><attr><attrlabl Sync="TRUE">Txdot_Rpta</attrlabl><attalias Sync="TRUE">Txdot_Rpta</attalias><attrtype Sync="TRUE">String</attrtype><attwidth Sync="TRUE">254</attwidth><atprecis Sync="TRUE">0</atprecis><attscale Sync="TRUE">0</attscale></attr><attr><attrlabl Sync="TRUE">Sus_Seriou</attrlabl><attalias Sync="TRUE">Sus_Seriou</attalias><attrtype Sync="TRUE">Double</attrtype><attwidth Sync="TRUE">19</attwidth><atprecis Sync="TRUE">0</atprecis><attscale Sync="TRUE">0</attscale></attr><attr><attrlabl Sync="TRUE">Nonincap_I</attrlabl><attalias Sync="TRUE">Nonincap_I</attalias><attrtype Sync="TRUE">Double</attrtype><attwidth Sync="TRUE">19</attwidth><atprecis Sync="TRUE">0</atprecis><attscale Sync="TRUE">0</attscale></attr><attr><attrlabl Sync="TRUE">Poss_Injry</attrlabl><attalias Sync="TRUE">Poss_Injry</attalias><attrtype Sync="TRUE">Double</attrtype><attwidth Sync="TRUE">19</attwidth><atprecis Sync="TRUE">0</atprecis><attscale Sync="TRUE">0</attscale></attr><attr><attrlabl Sync="TRUE">Non_Injry_</attrlabl><attalias Sync="TRUE">Non_Injry_</attalias><attrtype Sync="TRUE">Double</attrtype><attwidth Sync="TRUE">19</attwidth><atprecis Sync="TRUE">0</atprecis><attscale Sync="TRUE">0</attscale></attr><attr><attrlabl Sync="TRUE">Unkn_Injry</attrlabl><attalias Sync="TRUE">Unkn_Injry</attalias><attrtype Sync="TRUE">Double</attrtype><attwidth Sync="TRUE">19</attwidth><atprecis Sync="TRUE">0</atprecis><attscale Sync="TRUE">0</attscale></attr><attr><attrlabl Sync="TRUE">Tot_Injry_</attrlabl><attalias Sync="TRUE">Tot_Injry_</attalias><attrtype Sync="TRUE">Double</attrtype><attwidth Sync="TRUE">19</attwidth><atprecis Sync="TRUE">0</atprecis><attscale Sync="TRUE">0</attscale></attr><attr><attrlabl Sync="TRUE">Death_Cnt</attrlabl><attalias Sync="TRUE">Death_Cnt</attalias><attrtype Sync="TRUE">Double</attrtype><attwidth Sync="TRUE">19</attwidth><atprecis Sync="TRUE">0</atprecis><attscale Sync="TRUE">0</attscale></attr><attr><attrlabl Sync="TRUE">Prsn_Age</attrlabl><attalias Sync="TRUE">Prsn_Age</attalias><attrtype Sync="TRUE">Double</attrtype><attwidth Sync="TRUE">19</attwidth><atprecis Sync="TRUE">0</atprecis><attscale Sync="TRUE">0</attscale></attr><attr><attrlabl Sync="TRUE">Prsn_Ethni</attrlabl><attalias Sync="TRUE">Prsn_Ethni</attalias><attrtype Sync="TRUE">Double</attrtype><attwidth Sync="TRUE">19</attwidth><atprecis Sync="TRUE">0</atprecis><attscale Sync="TRUE">0</attscale></attr><attr><attrlabl Sync="TRUE">Ethnicity</attrlabl><attalias Sync="TRUE">Ethnicity</attalias><attrtype Sync="TRUE">String</attrtype><attwidth Sync="TRUE">254</attwidth><atprecis Sync="TRUE">0</atprecis><attscale Sync="TRUE">0</attscale></attr><attr><attrlabl Sync="TRUE">Prsn_Gndr_</attrlabl><attalias Sync="TRUE">Prsn_Gndr_</attalias><attrtype Sync="TRUE">Double</attrtype><attwidth Sync="TRUE">19</attwidth><atprecis Sync="TRUE">0</atprecis><attscale Sync="TRUE">0</attscale></attr><attr><attrlabl Sync="TRUE">Gender</attrlabl><attalias Sync="TRUE">Gender</attalias><attrtype Sync="TRUE">String</attrtype><attwidth Sync="TRUE">254</attwidth><atprecis Sync="TRUE">0</atprecis><attscale Sync="TRUE">0</attscale></attr><attr><attrlabl Sync="TRUE">Harm_Event</attrlabl><attalias Sync="TRUE">Harm_Event</attalias><attrtype Sync="TRUE">Double</attrtype><attwidth Sync="TRUE">19</attwidth><atprecis Sync="TRUE">0</atprecis><attscale Sync="TRUE">0</attscale></attr><attr><attrlabl Sync="TRUE">Harmed_Par</attrlabl><attalias Sync="TRUE">Harmed_Par</attalias><attrtype Sync="TRUE">String</attrtype><attwidth Sync="TRUE">254</attwidth><atprecis Sync="TRUE">0</atprecis><attscale Sync="TRUE">0</attscale></attr><attr><attrlabl Sync="TRUE">Collision_</attrlabl><attalias Sync="TRUE">Collision_</attalias><attrtype Sync="TRUE">Double</attrtype><attwidth Sync="TRUE">19</attwidth><atprecis Sync="TRUE">0</atprecis><attscale Sync="TRUE">0</attscale></attr><attr><attrlabl Sync="TRUE">Bucketed_H</attrlabl><attalias Sync="TRUE">Bucketed_H</attalias><attrtype Sync="TRUE">Double</attrtype><attwidth Sync="TRUE">19</attwidth><atprecis Sync="TRUE">0</atprecis><attscale Sync="TRUE">0</attscale></attr><attr><attrlabl Sync="TRUE">AM_PM</attrlabl><attalias Sync="TRUE">AM_PM</attalias><attrtype Sync="TRUE">String</attrtype><attwidth Sync="TRUE">254</attwidth><atprecis Sync="TRUE">0</atprecis><attscale Sync="TRUE">0</attscale></attr></detailed></eainfo><mdDateSt Sync="TRUE">20220314</mdDateSt></metadata>
